Timestamp,Reason,Price,ATR
2026-09-08 02:34:00,SL Cooldown: 26 min remaining,4425.17,1.13
2026-09-08 02:48:02,SL Cooldown: 12 min remaining,4425.76,1.37
2026-09-08 02:51:02,SL Cooldown: 9 min remaining,4424.19,1.33
2026-09-08 02:56:00,SL Cooldown: 4 min remaining,4422.43,1.31
2026-09-08 03:35:00,SL Cooldown: 30 min remaining,4432.23,2.15
2026-09-08 03:36:03,SL Cooldown: 29 min remaining,4431.64,1.91
2026-09-08 03:38:01,SL Cooldown: 27 min remaining,4431.84,1.63
2026-09-08 11:56:01,SL Cooldown: 23 min remaining,4400.05,1.51
2026-09-08 11:59:03,SL Cooldown: 20 min remaining,4402.76,1.69
2026-09-08 12:00:02,SL Cooldown: 19 min remaining,4403.54,1.73
2026-09-08 12:02:03,SL Cooldown: 17 min remaining,4405.29,1.83
2026-09-08 12:05:00,SL Cooldown: 14 min remaining,4403.54,1.61
2026-09-08 12:06:00,SL Cooldown: 13 min remaining,4403.15,1.59
2026-09-08 12:07:00,SL Cooldown: 12 min remaining,4402.76,1.55
2026-09-08 13:23:04,SL Cooldown: 30 min remaining,4406.45,1.53
2026-09-08 13:35:01,SL Cooldown: 18 min remaining,4401.60,2.33
2026-09-08 13:42:01,SL Cooldown: 11 min remaining,4398.50,2.96
2026-09-08 13:43:00,SL Cooldown: 10 min remaining,4397.15,2.86
2026-09-08 13:45:00,SL Cooldown: 8 min remaining,4393.29,3.06
2026-09-08 13:55:03,Blackout: NY Open volatility,4399.08,2.42
2026-09-08 14:02:00,Blackout: NY Open volatility,4398.50,2.78
2026-09-08 14:05:02,Blackout: NY Open volatility,4398.70,2.67
2026-09-08 15:23:00,SL Cooldown: 30 min remaining,4404.12,1.59
2026-09-08 15:32:00,SL Cooldown: 21 min remaining,4400.63,2.34
2026-09-08 15:43:01,SL Cooldown: 10 min remaining,4398.50,1.25
2026-09-08 15:48:00,SL Cooldown: 5 min remaining,4398.50,1.15
2026-09-09 01:50:02,SL Cooldown: 30 min remaining,4374.26,1.20
2026-09-09 01:53:00,SL Cooldown: 27 min remaining,4374.26,1.19
2026-09-09 02:00:02,SL Cooldown: 20 min remaining,4373.69,1.45
2026-09-09 02:03:01,SL Cooldown: 17 min remaining,4372.35,1.67
2026-09-09 02:10:02,SL Cooldown: 10 min remaining,4372.73,1.57
2026-09-09 02:17:00,SL Cooldown: 3 min remaining,4374.26,1.42
2026-09-09 02:19:01,SL Cooldown: 1 min remaining,4374.45,1.34
2026-09-09 02:44:00,SL Cooldown: 13 min remaining,4370.82,1.23
2026-09-09 03:31:00,SL Cooldown: 18 min remaining,4377.33,1.12
2026-09-09 03:33:00,SL Cooldown: 16 min remaining,4376.56,1.29
2026-09-09 03:36:00,SL Cooldown: 13 min remaining,4376.18,1.18
2026-09-09 06:28:01,SL Cooldown: 26 min remaining,4398.31,1.13
2026-09-09 06:45:00,SL Cooldown: 9 min remaining,4401.02,1.58
2026-09-09 06:48:00,SL Cooldown: 6 min remaining,4399.67,1.38
2026-09-09 06:53:00,SL Cooldown: 1 min remaining,4400.63,1.16
2026-09-09 11:55:00,SL Cooldown: 24 min remaining,4410.14,2.24
2026-09-09 12:11:02,SL Cooldown: 8 min remaining,4401.80,1.52
2026-09-09 12:12:05,SL Cooldown: 7 min remaining,4404.70,1.61
2026-09-09 12:35:02,Blackout: NY Open,4396.57,1.70
2026-09-09 13:47:00,SL Cooldown: 28 min remaining,4418.13,2.59
2026-09-09 13:53:01,SL Cooldown: 22 min remaining,4421.84,2.32
2026-09-09 13:54:00,SL Cooldown: 21 min remaining,4420.67,2.30
2026-09-09 13:56:01,Blackout: NY Open volatility,4418.72,2.13
2026-09-09 14:00:01,Blackout: NY Open volatility,4412.48,1.95
2026-09-09 14:03:00,Blackout: NY Open volatility,4416.57,1.97
2026-09-09 14:45:00,SL Cooldown: 7 min remaining,4422.43,1.96
2026-09-09 14:50:02,SL Cooldown: 2 min remaining,4421.65,1.58
2026-09-09 17:32:00,SL Cooldown: 30 min remaining,4414.82,1.34
2026-09-09 17:39:02,SL Cooldown: 23 min remaining,4413.65,1.24
2026-09-09 17:45:00,SL Cooldown: 17 min remaining,4415.40,1.56
2026-09-09 17:46:00,SL Cooldown: 16 min remaining,4414.23,1.42
2026-09-09 17:47:00,SL Cooldown: 15 min remaining,4414.04,1.29
2026-09-09 17:49:01,SL Cooldown: 13 min remaining,4415.21,1.29
2026-09-09 17:50:00,SL Cooldown: 12 min remaining,4414.43,1.34
2026-09-09 17:53:01,SL Cooldown: 9 min remaining,4414.43,1.27
2026-09-09 18:17:02,Daily Loss Limit Reached (11/3 SLs today) - Trading Halted,4420.28,1.19
2026-09-09 18:18:05,Daily Loss Limit Reached (11/3 SLs today) - Trading Halted,4419.50,1.16
2026-09-09 18:20:03,Daily Loss Limit Reached (11/3 SLs today) - Trading Halted,4420.08,1.14
2026-09-09 18:21:00,Daily Loss Limit Reached (11/3 SLs today) - Trading Halted,4419.50,1.10
2026-09-09 19:32:02,Daily Loss Limit Reached (11/3 SLs today) - Trading Halted,4399.86,1.25
2026-09-09 19:34:01,Daily Loss Limit Reached (11/3 SLs today) - Trading Halted,4399.67,1.16
2026-09-09 19:54:00,Daily Loss Limit Reached (11/3 SLs today) - Trading Halted,4398.12,1.35
2026-09-09 23:23:00,Daily Loss Limit Reached (11/3 SLs today) - Trading Halted,4401.02,1.34
2026-09-09 23:27:00,Daily Loss Limit Reached (11/3 SLs today) - Trading Halted,4397.34,1.45
2026-09-09 23:31:05,Daily Loss Limit Reached (11/3 SLs today) - Trading Halted,4396.96,1.58
2026-09-09 23:44:01,Daily Loss Limit Reached (11/3 SLs today) - Trading Halted,4393.67,1.10
2026-09-10 06:29:04,SL Cooldown: 44 min remaining (10 consecutive SLs -> 60m cooldown),4416.76,2.37
2026-09-10 06:30:05,SL Cooldown: 43 min remaining (10 consecutive SLs -> 60m cooldown),4417.34,2.38
2026-09-10 06:59:05,SL Cooldown: 14 min remaining (10 consecutive SLs -> 60m cooldown),4423.97,1.72
2026-09-10 08:11:06,Blackout: London Open & Early Session Kill-Zone,4408.81,1.49
2026-09-10 08:20:07,Blackout: London Open & Early Session Kill-Zone,4406.13,1.39
2026-09-10 08:22:08,Blackout: London Open & Early Session Kill-Zone,4405.65,1.42
2026-09-10 08:24:04,Blackout: London Open & Early Session Kill-Zone,4406.68,1.46
2026-09-10 08:53:05,Blackout: London Open & Early Session Kill-Zone,4396.63,2.07
2026-09-10 12:09:07,SL Cooldown: 18 min remaining (2 consecutive SLs -> 60m cooldown),4373.64,3.32
2026-09-10 12:10:08,SL Cooldown: 17 min remaining (2 consecutive SLs -> 60m cooldown),4372.03,3.33
2026-09-10 12:13:09,SL Cooldown: 14 min remaining (2 consecutive SLs -> 60m cooldown),4374.01,3.17
2026-09-10 12:31:05,Blackout: NY Early Pre-Market,4359.81,3.71
2026-09-10 12:55:06,ATR too high - News volatility (5.81 > 4.5),4343.17,5.81
2026-09-10 13:01:07,ATR too high - News volatility (5.09 > 4.5),4342.88,5.09
2026-09-10 13:05:03,ATR too high - News volatility (5.24 > 4.5),4350.85,5.24
2026-09-10 13:06:04,ATR too high - News volatility (5.22 > 4.5),4348.44,5.22
2026-09-10 13:07:05,ATR too high - News volatility (5.06 > 4.5),4347.53,5.06
2026-09-10 13:08:06,ATR too high - News volatility (5.25 > 4.5),4347.19,5.25
2026-09-10 13:09:06,ATR too high - News volatility (5.24 > 4.5),4348.56,5.24
2026-09-10 13:10:07,ATR too high - News volatility (5.29 > 4.5),4347.17,5.29
2026-09-10 13:11:03,ATR too high - News volatility (5.30 > 4.5),4348.62,5.30
2026-09-10 13:13:04,ATR too high - News volatility (5.27 > 4.5),4345.56,5.27
2026-09-10 13:14:05,ATR too high - News volatility (5.15 > 4.5),4346.27,5.15
2026-09-10 13:15:06,ATR too high - News volatility (4.90 > 4.5),4343.66,4.90
2026-09-10 14:54:07,Blackout: NY Open & US High-Impact Macro Releases,4360.74,3.19
2026-09-10 15:04:08,Blackout: NY Open & US High-Impact Macro Releases,4354.37,2.81
2026-09-10 15:05:04,Blackout: NY Open & US High-Impact Macro Releases,4353.40,2.91
2026-09-10 16:39:05,SL Cooldown: 60 min remaining (3 consecutive SLs -> 60m cooldown),4359.55,2.42
2026-09-10 16:40:06,SL Cooldown: 59 min remaining (3 consecutive SLs -> 60m cooldown),4360.24,2.45
2026-09-10 16:58:02,SL Cooldown: 42 min remaining (3 consecutive SLs -> 60m cooldown),4361.14,2.36
2026-09-10 19:41:04,SL Cooldown: 44 min remaining (4 consecutive SLs -> 60m cooldown),4326.87,2.35
2026-09-10 19:42:05,SL Cooldown: 43 min remaining (4 consecutive SLs -> 60m cooldown),4326.24,2.33
2026-09-10 19:48:05,SL Cooldown: 37 min remaining (4 consecutive SLs -> 60m cooldown),4323.41,1.91
2026-09-10 20:03:06,SL Cooldown: 22 min remaining (4 consecutive SLs -> 60m cooldown),4321.83,1.84
2026-09-10 20:07:07,SL Cooldown: 18 min remaining (4 consecutive SLs -> 60m cooldown),4321.94,1.70
2026-09-10 20:08:08,SL Cooldown: 17 min remaining (4 consecutive SLs -> 60m cooldown),4321.78,1.50
2026-09-10 20:09:09,SL Cooldown: 16 min remaining (4 consecutive SLs -> 60m cooldown),4322.13,1.45
2026-09-10 20:10:05,SL Cooldown: 15 min remaining (4 consecutive SLs -> 60m cooldown),4322.63,1.44
2026-09-10 20:11:01,SL Cooldown: 15 min remaining (4 consecutive SLs -> 60m cooldown),4323.11,1.48
2026-09-10 20:12:02,SL Cooldown: 14 min remaining (4 consecutive SLs -> 60m cooldown),4322.68,1.43
2026-09-10 22:52:06,SL Cooldown: 60 min remaining (5 consecutive SLs -> 60m cooldown),4318.11,1.39
2026-09-10 22:54:07,SL Cooldown: 58 min remaining (5 consecutive SLs -> 60m cooldown),4317.30,1.36
2026-09-10 22:55:08,SL Cooldown: 57 min remaining (5 consecutive SLs -> 60m cooldown),4317.60,1.39
2026-09-10 23:39:04,SL Cooldown: 14 min remaining (5 consecutive SLs -> 60m cooldown),4315.44,1.29
2026-09-10 23:43:01,SL Cooldown: 10 min remaining (5 consecutive SLs -> 60m cooldown),4315.51,1.60
2026-09-10 23:46:02,SL Cooldown: 7 min remaining (5 consecutive SLs -> 60m cooldown),4316.40,1.68
2026-09-10 23:48:02,SL Cooldown: 5 min remaining (5 consecutive SLs -> 60m cooldown),4315.04,1.82
2026-09-10 23:51:03,SL Cooldown: 2 min remaining (5 consecutive SLs -> 60m cooldown),4314.74,1.81
2026-09-10 23:52:04,SL Cooldown: 1 min remaining (5 consecutive SLs -> 60m cooldown),4314.48,1.67
2026-09-11 01:16:03,SL Cooldown: 60 min remaining (6 consecutive SLs -> 60m cooldown),4334.64,3.14
2026-09-11 01:20:03,SL Cooldown: 56 min remaining (6 consecutive SLs -> 60m cooldown),4331.95,2.72
2026-09-11 01:33:04,SL Cooldown: 43 min remaining (6 consecutive SLs -> 60m cooldown),4331.19,2.88
2026-09-11 04:36:04,SL Cooldown: 29 min remaining (6 consecutive SLs -> 60m cooldown),4325.87,1.59
2026-09-11 04:44:05,SL Cooldown: 21 min remaining (6 consecutive SLs -> 60m cooldown),4331.47,1.95
2026-09-11 04:54:05,SL Cooldown: 11 min remaining (6 consecutive SLs -> 60m cooldown),4333.04,2.34
2026-09-11 05:03:06,SL Cooldown: 2 min remaining (6 consecutive SLs -> 60m cooldown),4329.24,1.98
2026-09-11 06:52:05,SL Cooldown: 42 min remaining (5 consecutive SLs -> 60m cooldown),4350.65,1.98
2026-09-11 06:53:01,SL Cooldown: 42 min remaining (5 consecutive SLs -> 60m cooldown),4351.21,1.95
2026-09-11 06:54:02,SL Cooldown: 41 min remaining (5 consecutive SLs -> 60m cooldown),4351.51,1.96
2026-09-11 06:59:03,SL Cooldown: 36 min remaining (5 consecutive SLs -> 60m cooldown),4352.25,1.85
2026-09-11 07:06:04,SL Cooldown: 28 min remaining (5 consecutive SLs -> 60m cooldown),4355.21,1.97
2026-09-11 07:08:04,SL Cooldown: 26 min remaining (5 consecutive SLs -> 60m cooldown),4353.21,1.97
2026-09-11 07:12:05,SL Cooldown: 22 min remaining (5 consecutive SLs -> 60m cooldown),4353.94,2.08
2026-09-11 07:13:06,SL Cooldown: 21 min remaining (5 consecutive SLs -> 60m cooldown),4354.05,2.12
2026-09-11 08:36:03,Blackout: London Open & Early Session Kill-Zone,4352.03,2.85
2026-09-11 08:50:04,Blackout: London Open & Early Session Kill-Zone,4352.75,1.89
2026-09-11 08:52:04,Blackout: London Open & Early Session Kill-Zone,4350.89,2.03
2026-09-11 10:18:03,SL Cooldown: 42 min remaining (6 consecutive SLs -> 60m cooldown),4346.32,1.69
2026-09-11 10:44:04,SL Cooldown: 16 min remaining (6 consecutive SLs -> 60m cooldown),4346.03,1.84
2026-09-11 11:26:07,SL Cooldown: 60 min remaining (6 consecutive SLs -> 60m cooldown),4339.87,1.74
2026-09-11 11:28:04,SL Cooldown: 59 min remaining (6 consecutive SLs -> 60m cooldown),4338.10,1.86
2026-09-11 11:30:05,SL Cooldown: 57 min remaining (6 consecutive SLs -> 60m cooldown),4336.22,1.84
2026-09-11 11:31:05,SL Cooldown: 56 min remaining (6 consecutive SLs -> 60m cooldown),4336.26,1.82
2026-09-11 11:33:03,SL Cooldown: 54 min remaining (6 consecutive SLs -> 60m cooldown),4334.05,1.92
2026-09-11 11:34:04,SL Cooldown: 53 min remaining (6 consecutive SLs -> 60m cooldown),4332.88,2.03
2026-09-11 11:49:05,SL Cooldown: 38 min remaining (6 consecutive SLs -> 60m cooldown),4333.58,1.94
2026-09-11 11:50:06,SL Cooldown: 36 min remaining (6 consecutive SLs -> 60m cooldown),4334.95,1.99
2026-09-11 11:51:07,SL Cooldown: 35 min remaining (6 consecutive SLs -> 60m cooldown),4334.35,1.85
2026-09-11 11:58:08,SL Cooldown: 28 min remaining (6 consecutive SLs -> 60m cooldown),4331.64,1.91
2026-09-11 12:01:09,SL Cooldown: 25 min remaining (6 consecutive SLs -> 60m cooldown),4333.51,1.79
2026-09-11 12:17:10,SL Cooldown: 9 min remaining (6 consecutive SLs -> 60m cooldown),4329.03,2.41
2026-09-11 12:23:01,SL Cooldown: 4 min remaining (6 consecutive SLs -> 60m cooldown),4331.38,2.85
2026-09-11 13:20:07,ATR too high - News volatility (4.50 > 4.5),4386.56,4.50
2026-09-11 13:45:05,Blackout: NY Open & US High-Impact Macro Releases,4394.51,5.90
2026-09-11 13:50:06,Blackout: NY Open & US High-Impact Macro Releases,4392.78,5.68
2026-09-11 13:56:07,Blackout: NY Open & US High-Impact Macro Releases,4389.84,4.25
2026-09-11 13:58:08,Blackout: NY Open & US High-Impact Macro Releases,4389.88,4.13
2026-09-11 14:11:04,Blackout: NY Open & US High-Impact Macro Releases,4386.13,5.00
2026-09-11 14:12:05,Blackout: NY Open & US High-Impact Macro Releases,4386.65,4.96
2026-09-11 16:04:04,SL Cooldown: 50 min remaining (7 consecutive SLs -> 60m cooldown),4370.40,2.27
2026-09-11 16:35:05,SL Cooldown: 19 min remaining (7 consecutive SLs -> 60m cooldown),4364.10,3.67
2026-09-11 16:39:06,SL Cooldown: 15 min remaining (7 consecutive SLs -> 60m cooldown),4361.91,3.52
2026-09-11 16:44:07,SL Cooldown: 10 min remaining (7 consecutive SLs -> 60m cooldown),4362.87,3.08
2026-09-11 16:45:08,SL Cooldown: 9 min remaining (7 consecutive SLs -> 60m cooldown),4363.30,2.88
2026-09-11 16:48:04,SL Cooldown: 6 min remaining (7 consecutive SLs -> 60m cooldown),4362.44,2.34
2026-09-11 16:49:05,SL Cooldown: 5 min remaining (7 consecutive SLs -> 60m cooldown),4362.26,2.28
2026-09-11 16:51:06,SL Cooldown: 3 min remaining (7 consecutive SLs -> 60m cooldown),4360.72,2.13
2026-09-11 18:00:04,SL Cooldown: 9 min remaining (8 consecutive SLs -> 60m cooldown),4358.03,1.40
2026-09-11 18:01:04,SL Cooldown: 8 min remaining (8 consecutive SLs -> 60m cooldown),4357.45,1.44
2026-09-11 19:02:05,SL Cooldown: 60 min remaining (8 consecutive SLs -> 60m cooldown),4346.94,1.40
2026-09-11 19:10:01,SL Cooldown: 53 min remaining (8 consecutive SLs -> 60m cooldown),4347.33,1.69
2026-09-11 19:11:02,SL Cooldown: 52 min remaining (8 consecutive SLs -> 60m cooldown),4347.76,1.75
2026-09-11 19:44:03,SL Cooldown: 19 min remaining (8 consecutive SLs -> 60m cooldown),4345.52,1.39
2026-09-11 19:45:05,SL Cooldown: 17 min remaining (8 consecutive SLs -> 60m cooldown),4346.06,1.38
2026-09-11 19:52:07,SL Cooldown: 10 min remaining (8 consecutive SLs -> 60m cooldown),4344.19,1.46
2026-09-11 19:56:02,SL Cooldown: 7 min remaining (8 consecutive SLs -> 60m cooldown),4345.43,1.50
2026-09-13 22:21:04,Blackout: Daily Market Rollover & Spread Spike,4332.09,2.71
2026-09-14 00:46:07,SL Cooldown: 60 min remaining (2 consecutive SLs -> 60m cooldown),4337.06,2.29
2026-09-14 00:59:03,SL Cooldown: 48 min remaining (2 consecutive SLs -> 60m cooldown),4338.01,2.22
2026-09-14 01:00:04,SL Cooldown: 47 min remaining (2 consecutive SLs -> 60m cooldown),4338.32,2.23
2026-09-14 01:25:05,SL Cooldown: 22 min remaining (2 consecutive SLs -> 60m cooldown),4334.84,3.41
2026-09-14 03:13:06,SL Cooldown: 28 min remaining (3 consecutive SLs -> 60m cooldown),4334.12,2.07
2026-09-14 03:16:07,SL Cooldown: 25 min remaining (3 consecutive SLs -> 60m cooldown),4332.66,1.90
2026-09-14 03:21:08,SL Cooldown: 20 min remaining (3 consecutive SLs -> 60m cooldown),4335.17,1.83
2026-09-14 03:24:04,SL Cooldown: 18 min remaining (3 consecutive SLs -> 60m cooldown),4335.51,1.77
2026-09-14 03:26:05,SL Cooldown: 15 min remaining (3 consecutive SLs -> 60m cooldown),4333.90,1.66
2026-09-14 03:33:06,SL Cooldown: 8 min remaining (3 consecutive SLs -> 60m cooldown),4332.02,1.40
2026-09-14 03:40:07,SL Cooldown: 1 min remaining (3 consecutive SLs -> 60m cooldown),4331.64,1.42
2026-09-14 05:12:05,SL Cooldown: 43 min remaining (4 consecutive SLs -> 60m cooldown),4326.90,1.65
2026-09-14 09:56:10,SL Cooldown: 30 min remaining,4286.55,2.74
2026-09-14 09:58:06,SL Cooldown: 29 min remaining,4285.92,2.69
2026-09-14 09:59:07,SL Cooldown: 28 min remaining,4285.16,2.51
2026-09-14 10:03:03,SL Cooldown: 24 min remaining,4280.95,2.42
2026-09-14 10:13:04,SL Cooldown: 14 min remaining,4287.32,2.25
2026-09-14 10:23:05,SL Cooldown: 4 min remaining,4286.95,1.89
2026-09-14 12:43:06,Blackout: NY Early Pre-Market,4282.23,4.92
2026-09-14 13:36:04,Blackout: NY Open & US High-Impact Macro Releases,4272.73,2.98
2026-09-14 13:38:05,Blackout: NY Open & US High-Impact Macro Releases,4273.24,3.12
2026-09-14 14:42:06,Blackout: NY Open & US High-Impact Macro Releases,4270.33,2.55
2026-09-14 14:43:07,Blackout: NY Open & US High-Impact Macro Releases,4271.04,2.39
2026-09-14 17:38:08,SL Cooldown: 58 min remaining (3 consecutive SLs -> 60m cooldown),4309.67,1.76
2026-09-14 17:54:04,SL Cooldown: 43 min remaining (3 consecutive SLs -> 60m cooldown),4311.99,1.40
2026-09-14 17:56:05,SL Cooldown: 41 min remaining (3 consecutive SLs -> 60m cooldown),4311.96,1.35
2026-09-14 18:00:06,SL Cooldown: 37 min remaining (3 consecutive SLs -> 60m cooldown),4310.86,1.48
2026-09-14 18:13:02,SL Cooldown: 24 min remaining (3 consecutive SLs -> 60m cooldown),4311.05,1.94
2026-09-14 18:14:08,SL Cooldown: 22 min remaining (3 consecutive SLs -> 60m cooldown),4311.54,1.90
2026-09-14 18:16:04,SL Cooldown: 21 min remaining (3 consecutive SLs -> 60m cooldown),4312.29,1.55
2026-09-14 18:17:05,SL Cooldown: 20 min remaining (3 consecutive SLs -> 60m cooldown),4312.05,1.49
2026-09-14 18:18:00,SL Cooldown: 19 min remaining (3 consecutive SLs -> 60m cooldown),4311.56,1.39
2026-09-14 18:20:01,SL Cooldown: 17 min remaining (3 consecutive SLs -> 60m cooldown),4311.39,1.15
2026-09-15 00:09:04,SL Cooldown: 30 min remaining,4286.22,1.36
2026-09-15 00:10:05,SL Cooldown: 29 min remaining,4286.44,1.41
2026-09-15 00:18:06,SL Cooldown: 21 min remaining,4288.03,1.51
2026-09-15 00:22:07,SL Cooldown: 17 min remaining,4285.36,1.56
2026-09-15 00:24:08,SL Cooldown: 15 min remaining,4285.02,1.48
2026-09-15 00:28:04,SL Cooldown: 11 min remaining,4286.43,1.81
2026-09-15 00:30:04,SL Cooldown: 9 min remaining,4287.85,1.83
2026-09-15 00:32:05,SL Cooldown: 7 min remaining,4286.45,1.91
2026-09-15 00:36:06,SL Cooldown: 3 min remaining,4284.26,1.72
2026-09-15 01:26:04,SL Cooldown: 17 min remaining (2 consecutive SLs -> 60m cooldown),4301.64,1.99
2026-09-15 01:28:05,SL Cooldown: 15 min remaining (2 consecutive SLs -> 60m cooldown),4300.86,1.82
2026-09-15 01:29:06,SL Cooldown: 14 min remaining (2 consecutive SLs -> 60m cooldown),4300.77,1.78
2026-09-15 01:32:07,SL Cooldown: 11 min remaining (2 consecutive SLs -> 60m cooldown),4304.04,1.81
2026-09-15 01:33:03,SL Cooldown: 10 min remaining (2 consecutive SLs -> 60m cooldown),4304.50,1.79
2026-09-15 07:39:06,SL Cooldown: 53 min remaining (2 consecutive SLs -> 60m cooldown),4285.36,1.82
2026-09-15 07:40:06,SL Cooldown: 52 min remaining (2 consecutive SLs -> 60m cooldown),4285.47,1.76
2026-09-15 07:41:08,SL Cooldown: 51 min remaining (2 consecutive SLs -> 60m cooldown),4284.22,1.85
2026-09-15 07:48:04,SL Cooldown: 45 min remaining (2 consecutive SLs -> 60m cooldown),4286.11,2.40
2026-09-15 08:18:05,SL Cooldown: 14 min remaining (2 consecutive SLs -> 60m cooldown),4270.64,2.53
2026-09-15 09:17:03,SL Cooldown: 30 min remaining,4266.15,2.33
2026-09-15 09:20:04,SL Cooldown: 27 min remaining,4262.40,2.20
2026-09-15 09:21:05,SL Cooldown: 26 min remaining,4262.66,2.16
2026-09-15 09:22:06,SL Cooldown: 25 min remaining,4262.63,2.14
2026-09-15 09:24:07,SL Cooldown: 22 min remaining,4264.47,2.35
2026-09-15 09:26:08,SL Cooldown: 20 min remaining,4264.02,2.25
2026-09-15 09:29:04,SL Cooldown: 18 min remaining,4266.86,2.54
2026-09-15 09:30:05,SL Cooldown: 17 min remaining,4266.78,2.41
2026-09-15 09:32:06,SL Cooldown: 15 min remaining,4266.72,2.29
2026-09-15 11:55:02,SL Cooldown: 44 min remaining (2 consecutive SLs -> 60m cooldown),4282.87,1.27
2026-09-15 11:56:03,SL Cooldown: 43 min remaining (2 consecutive SLs -> 60m cooldown),4283.33,1.29
2026-09-15 11:58:04,SL Cooldown: 41 min remaining (2 consecutive SLs -> 60m cooldown),4285.19,1.40
2026-09-15 12:00:05,SL Cooldown: 39 min remaining (2 consecutive SLs -> 60m cooldown),4284.50,1.27
2026-09-15 12:01:06,SL Cooldown: 38 min remaining (2 consecutive SLs -> 60m cooldown),4284.58,1.27
2026-09-15 13:26:03,Blackout: NY Open & US High-Impact Macro Releases,4291.89,2.76
2026-09-15 13:28:04,Blackout: NY Open & US High-Impact Macro Releases,4289.79,2.85
2026-09-15 13:38:05,Blackout: NY Open & US High-Impact Macro Releases,4292.18,3.32
2026-09-15 13:42:06,Blackout: NY Open & US High-Impact Macro Releases,4288.65,3.51
2026-09-15 13:44:01,Blackout: NY Open & US High-Impact Macro Releases,4287.63,3.60
2026-09-15 13:51:02,Blackout: NY Open & US High-Impact Macro Releases,4293.42,3.18
2026-09-15 14:06:03,Blackout: NY Open & US High-Impact Macro Releases,4295.63,2.82
2026-09-15 14:09:04,Blackout: NY Open & US High-Impact Macro Releases,4299.56,2.82
2026-09-15 14:11:05,Blackout: NY Open & US High-Impact Macro Releases,4297.93,2.93
2026-09-15 14:15:06,Blackout: NY Open & US High-Impact Macro Releases,4294.44,2.59
2026-09-15 14:16:07,Blackout: NY Open & US High-Impact Macro Releases,4295.47,2.51
2026-09-15 14:58:08,Blackout: NY Open & US High-Impact Macro Releases,4278.89,2.74
2026-09-15 15:00:04,Blackout: NY Open & US High-Impact Macro Releases,4276.89,2.77
2026-09-15 15:01:05,Blackout: NY Open & US High-Impact Macro Releases,4278.53,2.87
2026-09-15 15:06:06,Blackout: NY Open & US High-Impact Macro Releases,4281.96,2.90
2026-09-15 15:11:07,Blackout: NY Open & US High-Impact Macro Releases,4282.45,2.64
2026-09-15 17:34:02,SL Cooldown: 56 min remaining (3 consecutive SLs -> 60m cooldown),4296.69,1.67
2026-09-15 17:41:03,SL Cooldown: 49 min remaining (3 consecutive SLs -> 60m cooldown),4294.93,1.60
2026-09-15 17:49:04,SL Cooldown: 41 min remaining (3 consecutive SLs -> 60m cooldown),4295.14,1.30
2026-09-15 17:50:05,SL Cooldown: 40 min remaining (3 consecutive SLs -> 60m cooldown),4294.84,1.24
2026-09-15 17:51:06,SL Cooldown: 39 min remaining (3 consecutive SLs -> 60m cooldown),4295.22,1.20
2026-09-15 18:08:07,SL Cooldown: 22 min remaining (3 consecutive SLs -> 60m cooldown),4298.23,1.34
2026-09-15 18:09:08,SL Cooldown: 21 min remaining (3 consecutive SLs -> 60m cooldown),4297.23,1.38
2026-09-15 19:09:01,SL Cooldown: 27 min remaining,4305.03,1.69
2026-09-16 00:31:04,SL Cooldown: 18 min remaining,4284.26,1.22
2026-09-16 00:46:05,SL Cooldown: 3 min remaining,4283.67,1.54
2026-09-16 03:46:06,SL Cooldown: 46 min remaining (2 consecutive SLs -> 60m cooldown),4327.11,1.44
2026-09-16 03:47:07,SL Cooldown: 45 min remaining (2 consecutive SLs -> 60m cooldown),4327.23,1.35
2026-09-16 03:48:08,SL Cooldown: 44 min remaining (2 consecutive SLs -> 60m cooldown),4326.75,1.37
2026-09-16 03:56:09,SL Cooldown: 36 min remaining (2 consecutive SLs -> 60m cooldown),4326.40,1.53
2026-09-16 04:27:05,SL Cooldown: 5 min remaining (2 consecutive SLs -> 60m cooldown),4326.84,1.29
2026-09-16 05:33:03,SL Cooldown: 3 min remaining (3 consecutive SLs -> 60m cooldown),4326.96,1.85
2026-09-16 05:35:03,SL Cooldown: 1 min remaining (3 consecutive SLs -> 60m cooldown),4328.34,1.92
2026-09-16 06:14:06,SL Cooldown: 46 min remaining (4 consecutive SLs -> 60m cooldown),4326.85,2.23
2026-09-16 09:29:03,SL Cooldown: 56 min remaining (6 consecutive SLs -> 60m cooldown),4331.01,1.89
2026-09-16 09:32:04,SL Cooldown: 53 min remaining (6 consecutive SLs -> 60m cooldown),4333.58,2.17
2026-09-16 09:34:05,SL Cooldown: 51 min remaining (6 consecutive SLs -> 60m cooldown),4333.91,2.27
2026-09-16 09:35:06,SL Cooldown: 50 min remaining (6 consecutive SLs -> 60m cooldown),4333.72,2.26
2026-09-16 09:48:07,SL Cooldown: 37 min remaining (6 consecutive SLs -> 60m cooldown),4332.07,1.78
2026-09-16 09:51:03,SL Cooldown: 34 min remaining (6 consecutive SLs -> 60m cooldown),4334.52,1.74
2026-09-16 09:55:04,SL Cooldown: 30 min remaining (6 consecutive SLs -> 60m cooldown),4335.40,1.43
2026-09-16 09:57:05,SL Cooldown: 28 min remaining (6 consecutive SLs -> 60m cooldown),4337.27,1.49
2026-09-16 10:17:06,SL Cooldown: 8 min remaining (6 consecutive SLs -> 60m cooldown),4342.45,2.46
2026-09-16 13:26:06,Blackout: NY Open & US High-Impact Macro Releases,4353.14,2.96
2026-09-16 13:28:05,Blackout: NY Open & US High-Impact Macro Releases,4354.36,2.77
2026-09-16 13:29:06,Blackout: NY Open & US High-Impact Macro Releases,4354.78,2.74
2026-09-16 13:31:07,Blackout: NY Open & US High-Impact Macro Releases,4352.02,2.61
2026-09-16 13:33:08,Blackout: NY Open & US High-Impact Macro Releases,4351.67,2.57
2026-09-16 14:12:05,Blackout: NY Open & US High-Impact Macro Releases,4335.05,2.87
2026-09-16 14:14:00,Blackout: NY Open & US High-Impact Macro Releases,4336.86,2.97
2026-09-16 14:23:01,Blackout: NY Open & US High-Impact Macro Releases,4334.22,2.67
2026-09-16 14:25:02,Blackout: NY Open & US High-Impact Macro Releases,4332.70,2.39
2026-09-16 14:29:03,Blackout: NY Open & US High-Impact Macro Releases,4335.71,2.27
2026-09-16 14:36:04,Blackout: NY Open & US High-Impact Macro Releases,4337.46,2.07
2026-09-16 14:37:05,Blackout: NY Open & US High-Impact Macro Releases,4337.43,2.03
2026-09-16 15:07:06,Blackout: NY Open & US High-Impact Macro Releases,4351.26,2.44
2026-09-16 15:09:07,Blackout: NY Open & US High-Impact Macro Releases,4354.40,2.85
2026-09-16 15:36:05,SL Cooldown: 21 min remaining,4348.76,1.92
2026-09-16 15:39:06,SL Cooldown: 18 min remaining,4351.77,2.06
2026-09-16 15:41:07,SL Cooldown: 16 min remaining,4350.20,1.95
2026-09-16 15:50:03,SL Cooldown: 8 min remaining,4352.99,2.52
2026-09-16 15:55:04,SL Cooldown: 2 min remaining,4351.30,2.72
2026-09-16 16:13:02,"Daily Loss Limit Reached (10/10 SLs today) - Trend-Side Only: BUY blocked, momentum is SELL",4349.75,1.52
2026-09-16 16:15:03,"Daily Loss Limit Reached (10/10 SLs today) - Trend-Side Only: BUY blocked, momentum is SELL",4349.94,1.55
2026-09-16 16:17:04,"Daily Loss Limit Reached (10/10 SLs today) - Trend-Side Only: BUY blocked, momentum is SELL",4351.45,1.51
2026-09-16 17:42:02,SL Cooldown: 46 min remaining (3 consecutive SLs -> 60m cooldown),4344.56,1.51
2026-09-16 17:45:03,SL Cooldown: 43 min remaining (3 consecutive SLs -> 60m cooldown),4343.85,1.43
2026-09-16 17:51:04,SL Cooldown: 37 min remaining (3 consecutive SLs -> 60m cooldown),4344.41,1.37
2026-09-16 19:32:06,ATR too high - News volatility (6.96 > 4.5),4258.41,6.96
2026-09-16 19:33:02,ATR too high - News volatility (6.82 > 4.5),4259.46,6.82
2026-09-16 19:36:03,ATR too high - News volatility (6.70 > 4.5),4261.37,6.70
2026-09-16 19:45:04,ATR too high - News volatility (5.54 > 4.5),4265.29,5.54
2026-09-16 20:42:02,SL Cooldown: 60 min remaining (4 consecutive SLs -> 60m cooldown),4263.86,2.18
2026-09-16 20:47:02,SL Cooldown: 55 min remaining (4 consecutive SLs -> 60m cooldown),4263.55,1.78
2026-09-16 20:48:03,SL Cooldown: 54 min remaining (4 consecutive SLs -> 60m cooldown),4264.05,1.79
2026-09-16 20:52:04,SL Cooldown: 50 min remaining (4 consecutive SLs -> 60m cooldown),4262.80,1.50
2026-09-16 20:53:05,SL Cooldown: 49 min remaining (4 consecutive SLs -> 60m cooldown),4262.41,1.42
2026-09-16 20:54:01,SL Cooldown: 48 min remaining (4 consecutive SLs -> 60m cooldown),4261.39,1.45
2026-09-16 20:56:02,SL Cooldown: 46 min remaining (4 consecutive SLs -> 60m cooldown),4262.68,1.50
2026-09-16 22:07:08,Blackout: Daily Market Rollover & Spread Spike,4261.52,2.15
2026-09-16 22:10:09,Blackout: Daily Market Rollover & Spread Spike,4260.98,2.07
2026-09-16 22:13:05,Blackout: Daily Market Rollover & Spread Spike,4261.04,2.19
2026-09-16 22:14:06,Blackout: Daily Market Rollover & Spread Spike,4261.13,2.17
2026-09-16 22:18:07,Blackout: Daily Market Rollover & Spread Spike,4257.88,1.56
2026-09-16 23:14:03,"Daily Loss Limit Reached (12/10 SLs today) - Trend-Side Only: SELL blocked, momentum is BUY",4262.02,2.84
2026-09-17 03:52:07,SL Cooldown: 39 min remaining (6 consecutive SLs -> 60m cooldown),4294.58,1.64
2026-09-17 03:59:08,SL Cooldown: 32 min remaining (6 consecutive SLs -> 60m cooldown),4296.73,1.38
2026-09-17 04:02:09,SL Cooldown: 29 min remaining (6 consecutive SLs -> 60m cooldown),4294.43,1.32
2026-09-17 04:17:04,SL Cooldown: 15 min remaining (6 consecutive SLs -> 60m cooldown),4293.30,1.39
2026-09-17 04:18:05,SL Cooldown: 14 min remaining (6 consecutive SLs -> 60m cooldown),4293.21,1.32
2026-09-17 04:19:06,SL Cooldown: 12 min remaining (6 consecutive SLs -> 60m cooldown),4293.12,1.28
2026-09-17 04:21:07,SL Cooldown: 10 min remaining (6 consecutive SLs -> 60m cooldown),4294.29,1.34
2026-09-17 04:25:08,SL Cooldown: 6 min remaining (6 consecutive SLs -> 60m cooldown),4293.55,1.20
2026-09-17 08:09:04,Blackout: London Open & Early Session Kill-Zone,4327.10,1.62
2026-09-17 08:10:05,Blackout: London Open & Early Session Kill-Zone,4326.25,1.52
2026-09-17 10:16:04,SL Cooldown: 57 min remaining (2 consecutive SLs -> 60m cooldown),4309.94,1.70
2026-09-17 10:19:04,SL Cooldown: 54 min remaining (2 consecutive SLs -> 60m cooldown),4309.16,1.59
2026-09-17 10:23:05,SL Cooldown: 50 min remaining (2 consecutive SLs -> 60m cooldown),4308.77,1.64
2026-09-17 11:34:04,SL Cooldown: 55 min remaining (3 consecutive SLs -> 60m cooldown),4326.66,1.94
2026-09-17 13:17:06,SL Cooldown: 27 min remaining,4370.77,3.58
2026-09-17 13:27:07,Blackout: NY Open & US High-Impact Macro Releases,4367.50,2.96
2026-09-17 13:30:03,Blackout: NY Open & US High-Impact Macro Releases,4366.76,2.47
2026-09-17 13:34:04,Blackout: NY Open & US High-Impact Macro Releases,4367.06,2.99
2026-09-17 14:25:06,Blackout: NY Open & US High-Impact Macro Releases,4369.52,2.79
2026-09-17 14:26:01,Blackout: NY Open & US High-Impact Macro Releases,4370.32,2.70
2026-09-17 16:31:03,SL Cooldown: 57 min remaining (2 consecutive SLs -> 60m cooldown),4366.15,1.66
2026-09-17 18:14:06,SL Cooldown: 51 min remaining (3 consecutive SLs -> 60m cooldown),4364.67,1.47
2026-09-17 18:53:07,SL Cooldown: 12 min remaining (3 consecutive SLs -> 60m cooldown),4350.23,1.48
2026-09-17 18:58:08,SL Cooldown: 7 min remaining (3 consecutive SLs -> 60m cooldown),4351.26,1.34
2026-09-17 19:04:04,SL Cooldown: 2 min remaining (3 consecutive SLs -> 60m cooldown),4354.40,1.41
2026-09-17 19:05:00,SL Cooldown: 1 min remaining (3 consecutive SLs -> 60m cooldown),4354.08,1.35
2026-09-17 19:59:06,SL Cooldown: 25 min remaining,4347.08,1.66
2026-09-17 20:01:07,SL Cooldown: 23 min remaining,4345.91,1.64
2026-09-17 23:09:05,"Daily Loss Limit Reached (10/10 SLs today) - Trend-Side Only: SELL blocked, momentum is BUY",4343.76,1.81
2026-09-17 23:16:06,"Daily Loss Limit Reached (10/10 SLs today) - Trend-Side Only: SELL blocked, momentum is BUY",4344.54,1.37
2026-09-18 00:55:07,SL Cooldown: 53 min remaining (2 consecutive SLs -> 60m cooldown),4353.57,1.53
2026-09-18 00:56:03,SL Cooldown: 53 min remaining (2 consecutive SLs -> 60m cooldown),4354.20,1.58
2026-09-18 01:11:04,SL Cooldown: 38 min remaining (2 consecutive SLs -> 60m cooldown),4360.70,2.40
2026-09-18 01:12:05,SL Cooldown: 37 min remaining (2 consecutive SLs -> 60m cooldown),4361.88,2.45
2026-09-18 01:18:06,SL Cooldown: 30 min remaining (2 consecutive SLs -> 60m cooldown),4356.79,1.97
2026-09-18 01:19:07,SL Cooldown: 29 min remaining (2 consecutive SLs -> 60m cooldown),4357.02,1.98
2026-09-18 01:28:08,SL Cooldown: 20 min remaining (2 consecutive SLs -> 60m cooldown),4360.81,2.14
2026-09-18 01:30:04,SL Cooldown: 19 min remaining (2 consecutive SLs -> 60m cooldown),4359.66,2.16
2026-09-18 01:31:05,SL Cooldown: 18 min remaining (2 consecutive SLs -> 60m cooldown),4359.87,2.07
2026-09-18 02:19:08,SL Cooldown: 58 min remaining (3 consecutive SLs -> 60m cooldown),4349.98,1.82
2026-09-18 02:21:04,SL Cooldown: 57 min remaining (3 consecutive SLs -> 60m cooldown),4348.74,1.81
2026-09-18 02:43:00,SL Cooldown: 35 min remaining (3 consecutive SLs -> 60m cooldown),4352.43,1.78
2026-09-18 02:46:01,SL Cooldown: 32 min remaining (3 consecutive SLs -> 60m cooldown),4351.79,1.71
2026-09-18 03:06:02,SL Cooldown: 12 min remaining (3 consecutive SLs -> 60m cooldown),4349.74,2.55
2026-09-18 03:08:03,SL Cooldown: 10 min remaining (3 consecutive SLs -> 60m cooldown),4348.63,2.60
2026-09-18 03:09:04,SL Cooldown: 9 min remaining (3 consecutive SLs -> 60m cooldown),4347.40,2.44
2026-09-18 06:52:06,SL Cooldown: 30 min remaining,4392.67,1.73
2026-09-18 06:59:22,SL Cooldown: 23 min remaining,4393.72,1.59
2026-09-18 07:00:08,SL Cooldown: 22 min remaining,4393.37,1.54
2026-09-18 07:02:09,SL Cooldown: 20 min remaining,4393.18,1.72
2026-09-18 07:04:05,SL Cooldown: 18 min remaining,4391.49,1.74
2026-09-18 07:05:06,SL Cooldown: 17 min remaining,4391.28,1.67
2026-09-18 07:07:07,SL Cooldown: 15 min remaining,4391.90,1.73
2026-09-18 07:11:07,SL Cooldown: 11 min remaining,4393.26,1.83
2026-09-18 07:14:08,SL Cooldown: 8 min remaining,4391.02,1.90
2026-09-18 08:03:02,Blackout: London Open & Early Session Kill-Zone,4395.43,1.81
2026-09-18 10:01:06,SL Cooldown: 23 min remaining (2 consecutive SLs -> 60m cooldown),4377.22,1.73
2026-09-18 10:02:07,SL Cooldown: 22 min remaining (2 consecutive SLs -> 60m cooldown),4376.42,1.74
2026-09-18 10:03:08,SL Cooldown: 21 min remaining (2 consecutive SLs -> 60m cooldown),4376.45,1.64
2026-09-18 10:05:03,SL Cooldown: 20 min remaining (2 consecutive SLs -> 60m cooldown),4376.78,1.63
2026-09-18 10:06:04,SL Cooldown: 19 min remaining (2 consecutive SLs -> 60m cooldown),4376.63,1.59
2026-09-18 10:09:05,SL Cooldown: 15 min remaining (2 consecutive SLs -> 60m cooldown),4378.16,1.61
2026-09-18 10:10:06,SL Cooldown: 14 min remaining (2 consecutive SLs -> 60m cooldown),4378.81,1.60
2026-09-18 10:11:07,SL Cooldown: 13 min remaining (2 consecutive SLs -> 60m cooldown),4378.67,1.56
2026-09-18 10:13:08,SL Cooldown: 11 min remaining (2 consecutive SLs -> 60m cooldown),4378.76,1.45
2026-09-18 10:21:04,SL Cooldown: 4 min remaining (2 consecutive SLs -> 60m cooldown),4379.39,1.38
2026-09-18 12:19:03,SL Cooldown: 42 min remaining (3 consecutive SLs -> 60m cooldown),4374.22,2.93
2026-09-18 12:46:04,SL Cooldown: 15 min remaining (3 consecutive SLs -> 60m cooldown),4368.20,2.43
2026-09-18 12:48:05,SL Cooldown: 13 min remaining (3 consecutive SLs -> 60m cooldown),4367.93,2.25
2026-09-18 12:51:06,SL Cooldown: 10 min remaining (3 consecutive SLs -> 60m cooldown),4368.93,2.13
2026-09-18 12:52:02,SL Cooldown: 9 min remaining (3 consecutive SLs -> 60m cooldown),4367.28,2.17
2026-09-18 12:54:03,SL Cooldown: 7 min remaining (3 consecutive SLs -> 60m cooldown),4367.21,2.15
2026-09-18 12:59:04,SL Cooldown: 2 min remaining (3 consecutive SLs -> 60m cooldown),4366.95,2.02
2026-09-18 13:57:00,Blackout: NY Open & US High-Impact Macro Releases,4349.39,3.43
2026-09-18 14:03:01,Blackout: NY Open & US High-Impact Macro Releases,4351.66,3.18
2026-09-18 14:08:02,Blackout: NY Open & US High-Impact Macro Releases,4351.59,2.87
2026-09-18 14:09:03,Blackout: NY Open & US High-Impact Macro Releases,4351.78,2.78
2026-09-18 14:10:04,Blackout: NY Open & US High-Impact Macro Releases,4352.07,2.79
2026-09-18 14:12:05,Blackout: NY Open & US High-Impact Macro Releases,4354.61,2.75
2026-09-18 14:16:01,Blackout: NY Open & US High-Impact Macro Releases,4352.71,2.78
2026-09-18 14:17:02,Blackout: NY Open & US High-Impact Macro Releases,4352.67,2.75
2026-09-18 14:18:03,Blackout: NY Open & US High-Impact Macro Releases,4351.49,2.82
2026-09-18 14:28:04,Blackout: NY Open & US High-Impact Macro Releases,4347.53,3.13
2026-09-18 18:10:06,SL Cooldown: 27 min remaining,4390.18,1.64
2026-09-18 18:12:07,SL Cooldown: 25 min remaining,4390.08,1.67
2026-09-18 18:21:08,SL Cooldown: 16 min remaining,4390.11,1.77
2026-09-18 20:11:07,SL Cooldown: 60 min remaining (2 consecutive SLs -> 60m cooldown),4379.32,1.61
2026-09-18 20:19:08,SL Cooldown: 52 min remaining (2 consecutive SLs -> 60m cooldown),4379.35,1.44
2026-09-18 20:54:04,SL Cooldown: 18 min remaining (2 consecutive SLs -> 60m cooldown),4377.38,1.11
2026-09-20 22:06:06,Blackout: Daily Market Rollover & Spread Spike,4378.90,2.10
2026-09-20 22:14:06,Blackout: Daily Market Rollover & Spread Spike,4377.91,2.36
2026-09-20 22:20:07,Blackout: Daily Market Rollover & Spread Spike,4377.68,1.40
2026-09-20 22:24:08,Blackout: Daily Market Rollover & Spread Spike,4374.70,1.19
2026-09-20 22:25:04,Blackout: Daily Market Rollover & Spread Spike,4374.57,1.14
2026-09-20 22:28:05,Blackout: Daily Market Rollover & Spread Spike,4374.76,1.34
2026-09-21 00:07:06,SL Cooldown: 25 min remaining (3 consecutive SLs -> 60m cooldown),4370.48,1.85
2026-09-21 00:08:07,SL Cooldown: 24 min remaining (3 consecutive SLs -> 60m cooldown),4370.31,1.87
2026-09-21 00:15:08,SL Cooldown: 17 min remaining (3 consecutive SLs -> 60m cooldown),4364.18,1.79
2026-09-21 03:52:05,SL Cooldown: 14 min remaining,4362.15,1.38
2026-09-21 04:15:07,SL Cooldown: 59 min remaining (2 consecutive SLs -> 60m cooldown),4359.87,1.33
2026-09-21 04:18:03,SL Cooldown: 57 min remaining (2 consecutive SLs -> 60m cooldown),4361.57,1.52
2026-09-21 04:53:04,SL Cooldown: 22 min remaining (2 consecutive SLs -> 60m cooldown),4358.94,1.13
2026-09-21 05:06:05,SL Cooldown: 9 min remaining (2 consecutive SLs -> 60m cooldown),4355.14,1.49
2026-09-21 05:06:42,SL Cooldown: 8 min remaining (2 consecutive SLs -> 60m cooldown),4355.14,1.47
2026-09-21 05:07:08,SL Cooldown: 7 min remaining (2 consecutive SLs -> 60m cooldown),4355.45,1.54
2026-09-21 05:09:09,SL Cooldown: 5 min remaining (2 consecutive SLs -> 60m cooldown),4354.87,1.54
2026-09-21 05:30:02,SL Cooldown: 53 min remaining (3 consecutive SLs -> 60m cooldown),4357.36,1.69
2026-09-21 05:41:03,SL Cooldown: 42 min remaining (3 consecutive SLs -> 60m cooldown),4357.40,2.54
2026-09-21 05:43:04,SL Cooldown: 40 min remaining (3 consecutive SLs -> 60m cooldown),4354.57,2.57
2026-09-21 05:44:09,SL Cooldown: 38 min remaining (3 consecutive SLs -> 60m cooldown),4355.00,2.61
2026-09-21 05:47:00,SL Cooldown: 36 min remaining (3 consecutive SLs -> 60m cooldown),4352.49,2.17
2026-09-21 05:57:01,SL Cooldown: 26 min remaining (3 consecutive SLs -> 60m cooldown),4353.35,2.09
2026-09-21 05:58:02,SL Cooldown: 25 min remaining (3 consecutive SLs -> 60m cooldown),4353.67,2.05
2026-09-21 06:04:03,SL Cooldown: 19 min remaining (3 consecutive SLs -> 60m cooldown),4351.65,2.04
2026-09-21 06:10:04,SL Cooldown: 13 min remaining (3 consecutive SLs -> 60m cooldown),4354.46,2.09
2026-09-21 06:11:05,SL Cooldown: 12 min remaining (3 consecutive SLs -> 60m cooldown),4354.58,1.99
2026-09-21 06:12:06,SL Cooldown: 10 min remaining (3 consecutive SLs -> 60m cooldown),4354.59,2.05
2026-09-21 06:15:02,SL Cooldown: 8 min remaining (3 consecutive SLs -> 60m cooldown),4352.87,2.08
2026-09-21 06:17:02,SL Cooldown: 6 min remaining (3 consecutive SLs -> 60m cooldown),4352.95,1.95
2026-09-21 06:55:05,SL Cooldown: 46 min remaining (4 consecutive SLs -> 60m cooldown),4351.86,1.76
2026-09-21 07:30:06,SL Cooldown: 11 min remaining (4 consecutive SLs -> 60m cooldown),4350.49,2.15
2026-09-21 12:03:05,SL Cooldown: 60 min remaining (2 consecutive SLs -> 60m cooldown),4364.98,2.15
2026-09-21 12:07:06,SL Cooldown: 56 min remaining (2 consecutive SLs -> 60m cooldown),4371.15,2.50
2026-09-21 12:11:07,SL Cooldown: 52 min remaining (2 consecutive SLs -> 60m cooldown),4367.69,2.50
2026-09-21 12:12:03,SL Cooldown: 52 min remaining (2 consecutive SLs -> 60m cooldown),4368.11,2.51
2026-09-21 12:13:04,SL Cooldown: 50 min remaining (2 consecutive SLs -> 60m cooldown),4368.23,2.54
2026-09-21 13:28:05,Blackout: NY Open & US High-Impact Macro Releases,4364.97,2.31
2026-09-21 13:58:07,Blackout: NY Open & US High-Impact Macro Releases,4349.06,2.98
2026-09-21 14:29:08,Blackout: NY Open & US High-Impact Macro Releases,4339.53,2.83
2026-09-21 14:30:09,Blackout: NY Open & US High-Impact Macro Releases,4341.22,2.81
2026-09-21 14:31:04,Blackout: NY Open & US High-Impact Macro Releases,4341.62,2.97
2026-09-21 14:38:05,Blackout: NY Open & US High-Impact Macro Releases,4335.97,3.44
2026-09-21 14:39:06,Blackout: NY Open & US High-Impact Macro Releases,4335.87,3.40
2026-09-21 14:40:07,Blackout: NY Open & US High-Impact Macro Releases,4334.85,3.27
2026-09-21 14:42:08,Blackout: NY Open & US High-Impact Macro Releases,4337.14,3.22
2026-09-21 14:49:04,Blackout: NY Open & US High-Impact Macro Releases,4336.70,3.21
2026-09-21 14:54:05,Blackout: NY Open & US High-Impact Macro Releases,4340.19,2.99
2026-09-21 16:58:01,SL Cooldown: 47 min remaining (3 consecutive SLs -> 60m cooldown),4344.16,1.43
2026-09-21 17:04:02,SL Cooldown: 41 min remaining (3 consecutive SLs -> 60m cooldown),4343.43,1.33
2026-09-21 17:06:03,SL Cooldown: 39 min remaining (3 consecutive SLs -> 60m cooldown),4344.07,1.33
2026-09-21 17:07:04,SL Cooldown: 38 min remaining (3 consecutive SLs -> 60m cooldown),4344.35,1.22
2026-09-21 17:08:05,SL Cooldown: 36 min remaining (3 consecutive SLs -> 60m cooldown),4344.40,1.20
2026-09-21 17:12:06,SL Cooldown: 32 min remaining (3 consecutive SLs -> 60m cooldown),4345.30,1.20
2026-09-21 17:19:07,SL Cooldown: 25 min remaining (3 consecutive SLs -> 60m cooldown),4343.62,1.26
2026-09-21 17:22:03,SL Cooldown: 23 min remaining (3 consecutive SLs -> 60m cooldown),4341.84,1.45
2026-09-21 17:24:04,SL Cooldown: 21 min remaining (3 consecutive SLs -> 60m cooldown),4342.53,1.48
2026-09-21 17:26:05,SL Cooldown: 18 min remaining (3 consecutive SLs -> 60m cooldown),4342.54,1.54
2026-09-21 17:37:06,SL Cooldown: 7 min remaining (3 consecutive SLs -> 60m cooldown),4339.35,1.71
2026-09-21 17:43:07,SL Cooldown: 1 min remaining (3 consecutive SLs -> 60m cooldown),4341.18,1.98
2026-09-21 18:31:05,SL Cooldown: 23 min remaining (4 consecutive SLs -> 60m cooldown),4349.89,1.12
2026-09-21 22:27:04,Blackout: Daily Market Rollover & Spread Spike,4351.28,1.20
2026-09-21 22:28:05,Blackout: Daily Market Rollover & Spread Spike,4351.22,1.26
2026-09-21 23:21:06,SL Cooldown: 24 min remaining,4360.31,1.98
2026-09-21 23:22:07,SL Cooldown: 23 min remaining,4360.75,2.08
2026-09-21 23:24:08,SL Cooldown: 21 min remaining,4361.71,2.16
2026-09-21 23:26:04,SL Cooldown: 20 min remaining,4359.23,2.34
2026-09-21 23:27:04,SL Cooldown: 19 min remaining,4360.00,2.17
2026-09-21 23:28:00,SL Cooldown: 18 min remaining,4360.54,2.16
2026-09-21 23:33:01,SL Cooldown: 13 min remaining,4359.17,2.15
2026-09-21 23:39:02,SL Cooldown: 7 min remaining,4362.77,2.27
2026-09-21 23:44:03,SL Cooldown: 2 min remaining,4366.61,2.56
2026-09-22 03:19:04,SL Cooldown: 58 min remaining (2 consecutive SLs -> 60m cooldown),4344.51,1.34
2026-09-22 03:22:05,SL Cooldown: 55 min remaining (2 consecutive SLs -> 60m cooldown),4344.73,1.32
2026-09-22 03:39:06,SL Cooldown: 38 min remaining (2 consecutive SLs -> 60m cooldown),4345.44,1.22
2026-09-22 03:46:07,SL Cooldown: 31 min remaining (2 consecutive SLs -> 60m cooldown),4342.78,1.82
2026-09-22 04:08:03,SL Cooldown: 9 min remaining (2 consecutive SLs -> 60m cooldown),4337.15,1.68
2026-09-22 04:12:04,SL Cooldown: 5 min remaining (2 consecutive SLs -> 60m cooldown),4338.92,1.84
2026-09-22 04:13:05,SL Cooldown: 4 min remaining (2 consecutive SLs -> 60m cooldown),4338.91,1.82
2026-09-22 04:16:05,SL Cooldown: 1 min remaining (2 consecutive SLs -> 60m cooldown),4338.05,1.88
2026-09-22 08:19:08,SL Cooldown: 50 min remaining (2 consecutive SLs -> 60m cooldown),4302.72,2.45
2026-09-22 08:38:04,SL Cooldown: 32 min remaining (2 consecutive SLs -> 60m cooldown),4305.13,3.99
2026-09-22 09:35:05,SL Cooldown: 54 min remaining (3 consecutive SLs -> 60m cooldown),4314.22,2.33
2026-09-22 09:41:06,SL Cooldown: 48 min remaining (3 consecutive SLs -> 60m cooldown),4315.40,2.24
2026-09-22 09:42:07,SL Cooldown: 47 min remaining (3 consecutive SLs -> 60m cooldown),4316.91,2.39
2026-09-22 10:20:03,SL Cooldown: 10 min remaining (3 consecutive SLs -> 60m cooldown),4329.61,2.09
2026-09-22 10:26:04,SL Cooldown: 3 min remaining (3 consecutive SLs -> 60m cooldown),4330.08,1.87
2026-09-22 10:27:05,SL Cooldown: 2 min remaining (3 consecutive SLs -> 60m cooldown),4330.42,1.83
2026-09-22 10:28:01,SL Cooldown: 2 min remaining (3 consecutive SLs -> 60m cooldown),4330.15,1.70
2026-09-22 10:29:02,SL Cooldown: 1 min remaining (3 consecutive SLs -> 60m cooldown),4330.07,1.62
2026-09-22 12:43:03,Blackout: NY Early Pre-Market,4339.91,2.91
2026-09-22 13:34:02,Blackout: NY Open & US High-Impact Macro Releases,4334.37,2.88
2026-09-22 13:36:03,Blackout: NY Open & US High-Impact Macro Releases,4334.84,2.70
2026-09-22 14:40:05,Blackout: NY Open & US High-Impact Macro Releases,4324.23,3.25
2026-09-22 14:56:06,Blackout: NY Open & US High-Impact Macro Releases,4325.44,2.83
2026-09-22 15:57:04,"Daily Loss Limit Reached (10/10 SLs today) - Trend-Side Only: SELL blocked, momentum is BUY",4329.02,1.39
2026-09-22 16:07:05,SL Cooldown: 24 min remaining (6 consecutive SLs -> 60m cooldown),4325.94,1.60
2026-09-22 16:08:06,SL Cooldown: 23 min remaining (6 consecutive SLs -> 60m cooldown),4325.96,1.61
2026-09-22 16:23:07,SL Cooldown: 8 min remaining (6 consecutive SLs -> 60m cooldown),4325.43,1.52
2026-09-22 16:24:08,SL Cooldown: 7 min remaining (6 consecutive SLs -> 60m cooldown),4325.14,1.47
2026-09-22 16:26:09,SL Cooldown: 5 min remaining (6 consecutive SLs -> 60m cooldown),4326.09,1.51
2026-09-22 16:57:02,SL Cooldown: 47 min remaining (7 consecutive SLs -> 60m cooldown),4335.75,2.35
2026-09-22 16:58:03,SL Cooldown: 46 min remaining (7 consecutive SLs -> 60m cooldown),4335.86,2.42
2026-09-22 17:01:04,SL Cooldown: 43 min remaining (7 consecutive SLs -> 60m cooldown),4336.71,2.46
2026-09-22 17:02:05,SL Cooldown: 42 min remaining (7 consecutive SLs -> 60m cooldown),4336.71,2.44
2026-09-22 17:03:01,SL Cooldown: 41 min remaining (7 consecutive SLs -> 60m cooldown),4336.69,2.20
2026-09-22 17:14:02,SL Cooldown: 30 min remaining (7 consecutive SLs -> 60m cooldown),4338.88,1.48
2026-09-22 17:20:03,SL Cooldown: 24 min remaining (7 consecutive SLs -> 60m cooldown),4337.43,1.57
2026-09-22 17:23:04,SL Cooldown: 21 min remaining (7 consecutive SLs -> 60m cooldown),4338.23,1.49
2026-09-22 17:29:05,SL Cooldown: 15 min remaining (7 consecutive SLs -> 60m cooldown),4337.62,1.45
2026-09-22 17:31:06,SL Cooldown: 12 min remaining (7 consecutive SLs -> 60m cooldown),4338.88,1.53
2026-09-22 17:35:07,SL Cooldown: 8 min remaining (7 consecutive SLs -> 60m cooldown),4336.39,1.57
2026-09-22 17:36:02,SL Cooldown: 8 min remaining (7 consecutive SLs -> 60m cooldown),4336.45,1.55
2026-09-22 17:39:03,SL Cooldown: 5 min remaining (7 consecutive SLs -> 60m cooldown),4337.21,1.53
2026-09-22 17:41:04,SL Cooldown: 3 min remaining (7 consecutive SLs -> 60m cooldown),4336.55,1.47
2026-09-22 18:37:03,SL Cooldown: 60 min remaining (8 consecutive SLs -> 60m cooldown),4352.68,1.79
2026-09-22 18:51:04,SL Cooldown: 46 min remaining (8 consecutive SLs -> 60m cooldown),4352.61,1.46
2026-09-22 18:53:04,SL Cooldown: 44 min remaining (8 consecutive SLs -> 60m cooldown),4353.93,1.47
2026-09-22 18:56:05,SL Cooldown: 41 min remaining (8 consecutive SLs -> 60m cooldown),4351.79,1.34
2026-09-22 19:00:11,SL Cooldown: 37 min remaining (8 consecutive SLs -> 60m cooldown),4353.35,1.38
2026-09-22 19:02:02,SL Cooldown: 35 min remaining (8 consecutive SLs -> 60m cooldown),4355.19,1.40
2026-09-22 19:05:03,SL Cooldown: 32 min remaining (8 consecutive SLs -> 60m cooldown),4354.59,1.34
2026-09-22 19:06:04,SL Cooldown: 31 min remaining (8 consecutive SLs -> 60m cooldown),4354.45,1.34
2026-09-22 19:08:05,SL Cooldown: 29 min remaining (8 consecutive SLs -> 60m cooldown),4356.41,1.45
2026-09-22 19:22:06,"Daily Loss Limit Reached (12/10 SLs today) - Trend-Side Only: BUY blocked, momentum is SELL",4356.81,1.13
2026-09-22 19:26:07,SL Cooldown: 11 min remaining (8 consecutive SLs -> 60m cooldown),4360.08,1.30
2026-09-22 22:12:01,Blackout: Daily Market Rollover & Spread Spike,4361.98,1.33
2026-09-22 22:17:02,Blackout: Daily Market Rollover & Spread Spike,4363.38,1.10
2026-09-23 00:11:06,SL Cooldown: 26 min remaining (10 consecutive SLs -> 60m cooldown),4364.03,2.23
2026-09-23 02:57:06,SL Cooldown: 20 min remaining,4333.64,1.33
2026-09-23 02:59:07,SL Cooldown: 18 min remaining,4334.46,1.36
2026-09-23 03:04:02,SL Cooldown: 14 min remaining,4333.82,1.15
2026-09-23 03:10:03,SL Cooldown: 8 min remaining,4335.58,1.10
2026-09-23 06:00:04,SL Cooldown: 58 min remaining (3 consecutive SLs -> 60m cooldown),4334.34,1.32
2026-09-23 06:01:04,SL Cooldown: 57 min remaining (3 consecutive SLs -> 60m cooldown),4334.52,1.41
2026-09-23 06:26:05,SL Cooldown: 32 min remaining (3 consecutive SLs -> 60m cooldown),4330.50,1.67
2026-09-23 06:30:06,SL Cooldown: 28 min remaining (3 consecutive SLs -> 60m cooldown),4328.48,1.56
2026-09-23 06:36:07,SL Cooldown: 22 min remaining (3 consecutive SLs -> 60m cooldown),4331.35,1.61
2026-09-23 08:01:06,SL Cooldown: 26 min remaining,4319.81,1.74
2026-09-23 08:03:07,SL Cooldown: 24 min remaining,4320.05,1.80
2026-09-23 08:14:03,SL Cooldown: 14 min remaining,4319.28,1.63
2026-09-23 08:21:04,SL Cooldown: 7 min remaining,4318.73,1.48
2026-09-23 08:24:05,SL Cooldown: 3 min remaining,4320.24,1.40
2026-09-23 08:26:06,SL Cooldown: 1 min remaining,4320.10,1.51
2026-09-23 09:02:02,SL Cooldown: 60 min remaining (2 consecutive SLs -> 60m cooldown),4318.85,1.30
2026-09-23 09:05:03,SL Cooldown: 57 min remaining (2 consecutive SLs -> 60m cooldown),4317.78,1.42
2026-09-23 09:07:04,SL Cooldown: 55 min remaining (2 consecutive SLs -> 60m cooldown),4317.68,1.35
2026-09-23 09:12:05,SL Cooldown: 50 min remaining (2 consecutive SLs -> 60m cooldown),4318.71,1.19
2026-09-23 09:36:06,SL Cooldown: 26 min remaining (2 consecutive SLs -> 60m cooldown),4314.66,1.68
2026-09-23 09:37:07,SL Cooldown: 25 min remaining (2 consecutive SLs -> 60m cooldown),4314.44,1.56
2026-09-23 09:43:07,SL Cooldown: 19 min remaining (2 consecutive SLs -> 60m cooldown),4314.43,1.40
2026-09-23 09:44:04,SL Cooldown: 18 min remaining (2 consecutive SLs -> 60m cooldown),4314.54,1.34
2026-09-23 09:48:06,SL Cooldown: 14 min remaining (2 consecutive SLs -> 60m cooldown),4311.80,1.26
2026-09-23 09:53:07,SL Cooldown: 9 min remaining (2 consecutive SLs -> 60m cooldown),4312.11,1.52
2026-09-23 09:58:03,SL Cooldown: 4 min remaining (2 consecutive SLs -> 60m cooldown),4313.44,1.68
2026-09-23 10:01:04,SL Cooldown: 1 min remaining (2 consecutive SLs -> 60m cooldown),4314.13,1.36
2026-09-23 10:49:03,SL Cooldown: 42 min remaining (3 consecutive SLs -> 60m cooldown),4312.36,1.32
2026-09-23 10:51:04,SL Cooldown: 40 min remaining (3 consecutive SLs -> 60m cooldown),4313.54,1.28
2026-09-23 10:52:05,SL Cooldown: 39 min remaining (3 consecutive SLs -> 60m cooldown),4314.33,1.30
2026-09-23 10:53:06,SL Cooldown: 38 min remaining (3 consecutive SLs -> 60m cooldown),4314.25,1.26
2026-09-23 10:54:02,SL Cooldown: 37 min remaining (3 consecutive SLs -> 60m cooldown),4314.47,1.18
2026-09-23 10:57:05,SL Cooldown: 34 min remaining (3 consecutive SLs -> 60m cooldown),4314.70,1.21
2026-09-23 10:58:02,SL Cooldown: 33 min remaining (3 consecutive SLs -> 60m cooldown),4313.88,1.24
2026-09-23 11:03:03,SL Cooldown: 28 min remaining (3 consecutive SLs -> 60m cooldown),4315.03,1.20
2026-09-23 11:08:04,SL Cooldown: 23 min remaining (3 consecutive SLs -> 60m cooldown),4314.38,1.46
2026-09-23 11:09:05,SL Cooldown: 22 min remaining (3 consecutive SLs -> 60m cooldown),4314.40,1.40
2026-09-23 11:16:07,SL Cooldown: 15 min remaining (3 consecutive SLs -> 60m cooldown),4314.95,1.45
2026-09-23 12:54:05,SL Cooldown: 8 min remaining (4 consecutive SLs -> 60m cooldown),4301.62,2.01
2026-09-23 12:58:06,SL Cooldown: 4 min remaining (4 consecutive SLs -> 60m cooldown),4307.05,2.03
2026-09-23 13:39:08,Blackout: NY Open & US High-Impact Macro Releases,4303.38,3.11
2026-09-23 14:04:05,Blackout: NY Open & US High-Impact Macro Releases,4287.99,3.61
2026-09-23 14:05:04,Blackout: NY Open & US High-Impact Macro Releases,4289.93,3.54
2026-09-23 14:13:05,Blackout: NY Open & US High-Impact Macro Releases,4285.15,3.72
2026-09-23 14:16:01,Blackout: NY Open & US High-Impact Macro Releases,4285.47,3.56
2026-09-23 14:31:02,Blackout: NY Open & US High-Impact Macro Releases,4282.46,3.62
2026-09-23 14:38:04,Blackout: NY Open & US High-Impact Macro Releases,4287.75,3.36
2026-09-23 14:43:05,Blackout: NY Open & US High-Impact Macro Releases,4286.82,3.27
2026-09-23 14:47:06,Blackout: NY Open & US High-Impact Macro Releases,4285.46,2.86
2026-09-23 14:48:07,Blackout: NY Open & US High-Impact Macro Releases,4285.88,2.72
2026-09-23 14:49:04,Blackout: NY Open & US High-Impact Macro Releases,4285.40,2.80
2026-09-23 14:50:05,Blackout: NY Open & US High-Impact Macro Releases,4285.71,2.84
2026-09-23 16:17:06,SL Cooldown: 60 min remaining (6 consecutive SLs -> 60m cooldown),4283.06,1.42
2026-09-23 17:04:07,SL Cooldown: 13 min remaining (6 consecutive SLs -> 60m cooldown),4277.20,2.63
2026-09-23 17:05:08,SL Cooldown: 12 min remaining (6 consecutive SLs -> 60m cooldown),4278.08,2.68
2026-09-23 17:08:09,SL Cooldown: 9 min remaining (6 consecutive SLs -> 60m cooldown),4280.42,2.63
2026-09-23 17:09:05,SL Cooldown: 8 min remaining (6 consecutive SLs -> 60m cooldown),4281.79,2.67
2026-09-23 18:51:07,SL Cooldown: 36 min remaining (7 consecutive SLs -> 60m cooldown),4286.66,1.17
2026-09-23 19:27:03,SL Cooldown: 1 min remaining (7 consecutive SLs -> 60m cooldown),4284.38,1.49
2026-09-23 19:31:04,"Daily Loss Limit Reached (10/10 SLs today) - Trend-Side Only: SELL blocked, momentum is BUY",4286.59,1.29
2026-09-23 19:42:06,SL Cooldown: 60 min remaining (8 consecutive SLs -> 60m cooldown),4283.26,1.34
2026-09-23 19:48:07,"Daily Loss Limit Reached (11/10 SLs today) - Trend-Side Only: SELL blocked, momentum is BUY",4285.54,1.40
2026-09-23 19:54:03,SL Cooldown: 49 min remaining (8 consecutive SLs -> 60m cooldown),4284.16,1.51
2026-09-23 19:56:04,SL Cooldown: 47 min remaining (8 consecutive SLs -> 60m cooldown),4283.35,1.51
2026-09-23 19:59:05,SL Cooldown: 43 min remaining (8 consecutive SLs -> 60m cooldown),4283.18,1.54
2026-09-23 20:00:06,SL Cooldown: 42 min remaining (8 consecutive SLs -> 60m cooldown),4283.91,1.55
2026-09-23 20:01:07,SL Cooldown: 41 min remaining (8 consecutive SLs -> 60m cooldown),4283.74,1.51
2026-09-23 20:03:08,SL Cooldown: 39 min remaining (8 consecutive SLs -> 60m cooldown),4284.91,1.48
2026-09-23 20:04:04,SL Cooldown: 39 min remaining (8 consecutive SLs -> 60m cooldown),4284.63,1.49
2026-09-23 20:05:05,SL Cooldown: 37 min remaining (8 consecutive SLs -> 60m cooldown),4284.76,1.41
2026-09-23 20:13:06,SL Cooldown: 29 min remaining (8 consecutive SLs -> 60m cooldown),4285.11,1.13
2026-09-23 22:15:07,Blackout: Daily Market Rollover & Spread Spike,4287.91,1.36
2026-09-23 22:16:08,Blackout: Daily Market Rollover & Spread Spike,4287.92,1.39
2026-09-23 22:26:04,Blackout: Daily Market Rollover & Spread Spike,4290.29,1.51
2026-09-24 03:21:06,SL Cooldown: 45 min remaining (9 consecutive SLs -> 60m cooldown),4287.43,1.45
2026-09-24 03:23:02,SL Cooldown: 44 min remaining (9 consecutive SLs -> 60m cooldown),4287.43,1.49
2026-09-24 03:24:03,SL Cooldown: 43 min remaining (9 consecutive SLs -> 60m cooldown),4286.80,1.51
2026-09-24 03:25:04,SL Cooldown: 42 min remaining (9 consecutive SLs -> 60m cooldown),4287.27,1.51
2026-09-24 03:26:05,SL Cooldown: 40 min remaining (9 consecutive SLs -> 60m cooldown),4287.18,1.52
2026-09-24 03:27:05,SL Cooldown: 39 min remaining (9 consecutive SLs -> 60m cooldown),4287.02,1.58
2026-09-24 03:31:06,SL Cooldown: 35 min remaining (9 consecutive SLs -> 60m cooldown),4286.02,1.50
2026-09-24 03:40:07,SL Cooldown: 26 min remaining (9 consecutive SLs -> 60m cooldown),4285.04,1.36
2026-09-24 03:42:03,SL Cooldown: 25 min remaining (9 consecutive SLs -> 60m cooldown),4283.89,1.32
2026-09-24 03:48:04,SL Cooldown: 19 min remaining (9 consecutive SLs -> 60m cooldown),4283.88,1.39
2026-09-24 03:55:05,SL Cooldown: 11 min remaining (9 consecutive SLs -> 60m cooldown),4283.07,1.37
2026-09-24 03:57:06,SL Cooldown: 9 min remaining (9 consecutive SLs -> 60m cooldown),4284.05,1.33
2026-09-24 04:01:07,SL Cooldown: 5 min remaining (9 consecutive SLs -> 60m cooldown),4284.30,1.51
2026-09-24 04:27:04,SL Cooldown: 51 min remaining (10 consecutive SLs -> 60m cooldown),4284.31,1.36
2026-09-24 04:28:05,SL Cooldown: 50 min remaining (10 consecutive SLs -> 60m cooldown),4284.54,1.28
2026-09-24 04:29:06,SL Cooldown: 49 min remaining (10 consecutive SLs -> 60m cooldown),4284.06,1.22
2026-09-24 05:13:02,SL Cooldown: 6 min remaining (10 consecutive SLs -> 60m cooldown),4291.67,1.54
2026-09-24 05:51:05,SL Cooldown: 41 min remaining (11 consecutive SLs -> 60m cooldown),4283.23,2.13
2026-09-24 05:56:06,SL Cooldown: 36 min remaining (11 consecutive SLs -> 60m cooldown),4279.99,1.93
2026-09-24 06:03:02,SL Cooldown: 30 min remaining (11 consecutive SLs -> 60m cooldown),4282.28,2.10
2026-09-24 06:07:03,SL Cooldown: 26 min remaining (11 consecutive SLs -> 60m cooldown),4282.07,2.14
2026-09-24 06:26:04,SL Cooldown: 6 min remaining (11 consecutive SLs -> 60m cooldown),4283.30,2.10
2026-09-24 06:28:05,SL Cooldown: 4 min remaining (11 consecutive SLs -> 60m cooldown),4283.67,2.14
2026-09-24 10:02:03,SL Cooldown: 30 min remaining,4257.31,1.90
2026-09-24 10:04:04,SL Cooldown: 28 min remaining,4255.20,1.96
2026-09-24 10:12:05,SL Cooldown: 20 min remaining,4255.36,2.36
2026-09-24 10:21:06,SL Cooldown: 11 min remaining,4251.24,2.52
2026-09-24 10:29:07,SL Cooldown: 3 min remaining,4249.13,2.90
2026-09-24 12:26:06,Blackout: NY Early Pre-Market,4269.26,2.44
2026-09-24 12:29:07,Blackout: NY Early Pre-Market,4269.79,2.38
2026-09-24 12:31:08,Blackout: NY Early Pre-Market,4271.38,2.51
2026-09-24 12:36:09,Blackout: NY Early Pre-Market,4265.91,2.60
2026-09-24 12:37:05,Blackout: NY Early Pre-Market,4266.31,2.64
2026-09-24 12:39:05,Blackout: NY Early Pre-Market,4266.67,2.52
2026-09-24 12:44:06,Blackout: NY Early Pre-Market,4271.13,2.64
2026-09-24 13:31:04,Blackout: NY Open & US High-Impact Macro Releases,4276.81,1.87
2026-09-24 14:29:06,Blackout: NY Open & US High-Impact Macro Releases,4267.08,3.00
2026-09-24 14:51:02,Blackout: NY Open & US High-Impact Macro Releases,4258.54,2.21
2026-09-24 14:53:04,Blackout: NY Open & US High-Impact Macro Releases,4260.24,2.07
2026-09-24 14:59:05,Blackout: NY Open & US High-Impact Macro Releases,4253.51,2.29
2026-09-24 15:00:05,Blackout: NY Open & US High-Impact Macro Releases,4252.90,2.26
2026-09-24 15:01:03,Blackout: NY Open & US High-Impact Macro Releases,4252.88,2.20
2026-09-24 16:41:05,SL Cooldown: 11 min remaining (4 consecutive SLs -> 60m cooldown),4278.52,3.38
2026-09-24 16:46:06,SL Cooldown: 6 min remaining (4 consecutive SLs -> 60m cooldown),4274.17,3.42
2026-09-24 17:54:02,SL Cooldown: 26 min remaining (5 consecutive SLs -> 60m cooldown),4260.17,1.67
2026-09-24 17:56:07,SL Cooldown: 23 min remaining (5 consecutive SLs -> 60m cooldown),4260.92,1.63
2026-09-24 18:06:03,SL Cooldown: 14 min remaining (5 consecutive SLs -> 60m cooldown),4258.10,2.32
2026-09-24 18:09:04,SL Cooldown: 11 min remaining (5 consecutive SLs -> 60m cooldown),4261.42,2.60
2026-09-24 18:10:05,SL Cooldown: 9 min remaining (5 consecutive SLs -> 60m cooldown),4262.31,2.60
2026-09-24 19:18:08,SL Cooldown: 44 min remaining (6 consecutive SLs -> 60m cooldown),4270.38,1.33
2026-09-24 19:20:09,SL Cooldown: 42 min remaining (6 consecutive SLs -> 60m cooldown),4270.82,1.36
2026-09-24 19:33:05,"Daily Loss Limit Reached (10/10 SLs today) - Trend-Side Only: BUY blocked, momentum is SELL",4271.76,1.55
2026-09-24 19:35:01,SL Cooldown: 28 min remaining (6 consecutive SLs -> 60m cooldown),4272.64,1.47
2026-09-24 19:38:02,SL Cooldown: 25 min remaining (6 consecutive SLs -> 60m cooldown),4272.17,1.33
2026-09-24 19:54:03,"Daily Loss Limit Reached (10/10 SLs today) - Trend-Side Only: BUY blocked, momentum is SELL",4273.98,1.29
2026-09-24 19:57:04,SL Cooldown: 6 min remaining (6 consecutive SLs -> 60m cooldown),4274.39,1.29
2026-09-24 20:12:07,SL Cooldown: 58 min remaining (7 consecutive SLs -> 60m cooldown),4272.31,1.18
2026-09-24 20:34:08,SL Cooldown: 36 min remaining (7 consecutive SLs -> 60m cooldown),4266.94,1.11
2026-09-24 22:08:04,Blackout: Daily Market Rollover & Spread Spike,4273.10,1.66
2026-09-24 22:11:05,Blackout: Daily Market Rollover & Spread Spike,4271.43,1.61
2026-09-25 00:55:05,SL Cooldown: 54 min remaining (8 consecutive SLs -> 60m cooldown),4273.10,1.27
2026-09-25 01:36:06,SL Cooldown: 13 min remaining (8 consecutive SLs -> 60m cooldown),4293.38,1.54
2026-09-25 01:39:07,SL Cooldown: 10 min remaining (8 consecutive SLs -> 60m cooldown),4294.50,1.61
2026-09-25 01:40:08,SL Cooldown: 9 min remaining (8 consecutive SLs -> 60m cooldown),4294.32,1.64
2026-09-25 01:41:09,SL Cooldown: 8 min remaining (8 consecutive SLs -> 60m cooldown),4294.30,1.66
2026-09-25 01:44:05,SL Cooldown: 5 min remaining (8 consecutive SLs -> 60m cooldown),4294.91,1.63
2026-09-25 04:47:05,SL Cooldown: 55 min remaining (10 consecutive SLs -> 60m cooldown),4271.62,1.12
2026-09-25 04:48:06,SL Cooldown: 54 min remaining (10 consecutive SLs -> 60m cooldown),4271.17,1.13
2026-09-25 04:52:07,SL Cooldown: 50 min remaining (10 consecutive SLs -> 60m cooldown),4268.97,1.34
2026-09-25 04:54:08,SL Cooldown: 48 min remaining (10 consecutive SLs -> 60m cooldown),4267.43,1.43
2026-09-25 05:17:04,SL Cooldown: 25 min remaining (10 consecutive SLs -> 60m cooldown),4259.24,2.14
2026-09-25 05:18:05,SL Cooldown: 24 min remaining (10 consecutive SLs -> 60m cooldown),4259.51,2.12
2026-09-25 05:19:06,SL Cooldown: 23 min remaining (10 consecutive SLs -> 60m cooldown),4259.95,2.04
2026-09-25 05:21:06,SL Cooldown: 21 min remaining (10 consecutive SLs -> 60m cooldown),4260.65,1.90
2026-09-25 05:24:07,SL Cooldown: 18 min remaining (10 consecutive SLs -> 60m cooldown),4260.86,1.65
2026-09-25 07:52:08,SL Cooldown: 29 min remaining (11 consecutive SLs -> 60m cooldown),4278.09,1.79
2026-09-25 07:57:09,Blackout: London Open & Early Session Kill-Zone,4280.27,1.65
2026-09-25 08:08:05,Blackout: London Open & Early Session Kill-Zone,4277.48,1.77
2026-09-25 08:22:01,Blackout: London Open & Early Session Kill-Zone,4280.37,1.50
2026-09-25 08:23:02,Blackout: London Open & Early Session Kill-Zone,4280.71,1.52
2026-09-25 08:27:03,Blackout: London Open & Early Session Kill-Zone,4279.81,1.65
2026-09-25 08:28:04,Blackout: London Open & Early Session Kill-Zone,4279.86,1.57
2026-09-25 08:39:05,Blackout: London Open & Early Session Kill-Zone,4286.41,1.94
2026-09-25 08:55:06,Blackout: London Open & Early Session Kill-Zone,4292.13,1.89
2026-09-25 08:58:07,Blackout: London Open & Early Session Kill-Zone,4293.25,1.83
2026-09-25 09:21:08,SL Cooldown: 57 min remaining (12 consecutive SLs -> 60m cooldown),4292.80,1.84
2026-09-25 09:32:09,SL Cooldown: 46 min remaining (12 consecutive SLs -> 60m cooldown),4293.54,2.51
2026-09-25 09:36:05,SL Cooldown: 43 min remaining (12 consecutive SLs -> 60m cooldown),4296.67,2.39
2026-09-25 09:40:06,SL Cooldown: 39 min remaining (12 consecutive SLs -> 60m cooldown),4293.61,1.94
2026-09-25 09:45:07,SL Cooldown: 33 min remaining (12 consecutive SLs -> 60m cooldown),4294.39,1.94
2026-09-25 09:46:07,SL Cooldown: 32 min remaining (12 consecutive SLs -> 60m cooldown),4293.62,1.84
2026-09-25 09:50:08,SL Cooldown: 28 min remaining (12 consecutive SLs -> 60m cooldown),4292.44,1.71
2026-09-25 09:55:04,SL Cooldown: 24 min remaining (12 consecutive SLs -> 60m cooldown),4292.59,1.65
2026-09-25 10:00:00,SL Cooldown: 19 min remaining (12 consecutive SLs -> 60m cooldown),4294.62,1.62
2026-09-25 10:03:01,SL Cooldown: 16 min remaining (12 consecutive SLs -> 60m cooldown),4295.12,1.61
2026-09-25 10:40:04,SL Cooldown: 59 min remaining (13 consecutive SLs -> 60m cooldown),4303.53,1.31
2026-09-25 10:47:05,SL Cooldown: 52 min remaining (13 consecutive SLs -> 60m cooldown),4304.50,1.36
2026-09-25 10:50:06,SL Cooldown: 49 min remaining (13 consecutive SLs -> 60m cooldown),4305.08,1.31
2026-09-25 10:51:07,SL Cooldown: 48 min remaining (13 consecutive SLs -> 60m cooldown),4305.05,1.33
2026-09-25 11:13:08,SL Cooldown: 26 min remaining (13 consecutive SLs -> 60m cooldown),4313.65,1.43
2026-09-25 11:15:04,SL Cooldown: 24 min remaining (13 consecutive SLs -> 60m cooldown),4312.26,1.47
2026-09-25 11:20:05,SL Cooldown: 19 min remaining (13 consecutive SLs -> 60m cooldown),4310.59,1.62
2026-09-25 13:42:05,Blackout: NY Open & US High-Impact Macro Releases,4281.18,3.37
2026-09-25 13:43:05,Blackout: NY Open & US High-Impact Macro Releases,4279.95,3.52
2026-09-25 13:45:01,Blackout: NY Open & US High-Impact Macro Releases,4278.67,3.35
2026-09-25 13:59:02,Blackout: NY Open & US High-Impact Macro Releases,4277.04,2.53
2026-09-25 14:01:03,Blackout: NY Open & US High-Impact Macro Releases,4273.21,2.57
2026-09-25 14:23:04,Blackout: NY Open & US High-Impact Macro Releases,4267.46,2.87
2026-09-25 14:25:05,Blackout: NY Open & US High-Impact Macro Releases,4268.43,3.00
2026-09-25 14:28:06,Blackout: NY Open & US High-Impact Macro Releases,4267.90,2.94
2026-09-25 14:29:07,Blackout: NY Open & US High-Impact Macro Releases,4267.65,2.82
2026-09-25 14:30:08,Blackout: NY Open & US High-Impact Macro Releases,4265.80,2.89
2026-09-25 14:34:04,Blackout: NY Open & US High-Impact Macro Releases,4265.01,2.63
2026-09-25 14:35:05,Blackout: NY Open & US High-Impact Macro Releases,4264.94,2.58
2026-09-25 14:37:06,Blackout: NY Open & US High-Impact Macro Releases,4266.33,2.64
2026-09-25 14:42:07,Blackout: NY Open & US High-Impact Macro Releases,4269.37,2.59
2026-09-25 16:39:05,SL Cooldown: 26 min remaining,4287.13,2.76
2026-09-25 19:06:06,SL Cooldown: 29 min remaining,4290.67,1.61
2026-09-25 19:11:07,SL Cooldown: 24 min remaining,4293.73,1.82
2026-09-25 19:13:08,SL Cooldown: 22 min remaining,4293.21,1.91
2026-09-25 19:14:04,SL Cooldown: 22 min remaining,4293.50,1.86
2026-09-25 19:19:05,SL Cooldown: 16 min remaining,4293.92,1.67
2026-09-27 22:23:07,Blackout: Daily Market Rollover & Spread Spike,4267.58,2.14
2026-09-27 22:24:07,Blackout: Daily Market Rollover & Spread Spike,4267.84,2.07
2026-09-27 22:27:03,Blackout: Daily Market Rollover & Spread Spike,4269.76,2.02
2026-09-27 22:28:04,Blackout: Daily Market Rollover & Spread Spike,4269.63,1.77
2026-09-27 23:17:05,SL Cooldown: 18 min remaining,4264.24,1.27
2026-09-27 23:18:01,SL Cooldown: 17 min remaining,4264.22,1.14
2026-09-27 23:56:04,SL Cooldown: 55 min remaining (2 consecutive SLs -> 60m cooldown),4260.89,1.82
2026-09-27 23:58:05,SL Cooldown: 53 min remaining (2 consecutive SLs -> 60m cooldown),4260.83,1.78
2026-09-28 00:00:05,SL Cooldown: 51 min remaining (2 consecutive SLs -> 60m cooldown),4260.30,1.76
2026-09-28 00:13:06,SL Cooldown: 38 min remaining (2 consecutive SLs -> 60m cooldown),4255.45,2.65
2026-09-28 00:26:07,SL Cooldown: 25 min remaining (2 consecutive SLs -> 60m cooldown),4253.39,1.83
2026-09-28 00:28:08,SL Cooldown: 23 min remaining (2 consecutive SLs -> 60m cooldown),4253.79,1.71
2026-09-28 11:52:08,SL Cooldown: 55 min remaining (2 consecutive SLs -> 60m cooldown),4149.25,1.77
2026-09-28 11:54:04,SL Cooldown: 54 min remaining (2 consecutive SLs -> 60m cooldown),4150.16,1.80
2026-09-28 11:57:05,SL Cooldown: 51 min remaining (2 consecutive SLs -> 60m cooldown),4151.04,1.98
2026-09-28 11:58:06,SL Cooldown: 50 min remaining (2 consecutive SLs -> 60m cooldown),4151.07,1.95
2026-09-28 13:04:04,SL Cooldown: 53 min remaining (3 consecutive SLs -> 60m cooldown),4147.81,3.23
2026-09-28 13:05:05,SL Cooldown: 52 min remaining (3 consecutive SLs -> 60m cooldown),4149.31,3.30
2026-09-28 13:06:06,SL Cooldown: 51 min remaining (3 consecutive SLs -> 60m cooldown),4149.22,3.29
2026-09-28 13:07:07,SL Cooldown: 50 min remaining (3 consecutive SLs -> 60m cooldown),4148.48,3.21
2026-09-28 13:08:03,SL Cooldown: 49 min remaining (3 consecutive SLs -> 60m cooldown),4149.07,3.15
2026-09-28 13:12:04,SL Cooldown: 45 min remaining (3 consecutive SLs -> 60m cooldown),4148.18,2.90
2026-09-28 13:17:05,SL Cooldown: 40 min remaining (3 consecutive SLs -> 60m cooldown),4148.96,2.21
2026-09-28 13:23:06,SL Cooldown: 34 min remaining (3 consecutive SLs -> 60m cooldown),4146.45,2.56
2026-09-28 13:25:07,Blackout: NY Open & US High-Impact Macro Releases,4146.35,2.60
2026-09-28 13:40:08,Blackout: NY Open & US High-Impact Macro Releases,4146.43,4.37
2026-09-28 14:34:05,Blackout: NY Open & US High-Impact Macro Releases,4136.59,2.65
2026-09-28 14:35:06,Blackout: NY Open & US High-Impact Macro Releases,4136.83,2.63
2026-09-28 15:02:07,Blackout: NY Open & US High-Impact Macro Releases,4119.06,3.82
2026-09-28 15:08:08,Blackout: NY Open & US High-Impact Macro Releases,4121.25,3.05
2026-09-28 15:09:04,Blackout: NY Open & US High-Impact Macro Releases,4120.42,3.09
2026-09-28 15:13:05,Blackout: NY Open & US High-Impact Macro Releases,4119.41,2.81
2026-09-28 15:24:07,SL Cooldown: 56 min remaining (4 consecutive SLs -> 60m cooldown),4123.82,2.56
2026-09-28 15:26:08,SL Cooldown: 54 min remaining (4 consecutive SLs -> 60m cooldown),4122.82,2.69
2026-09-28 15:29:04,SL Cooldown: 52 min remaining (4 consecutive SLs -> 60m cooldown),4124.05,2.68
2026-09-28 15:49:05,SL Cooldown: 32 min remaining (4 consecutive SLs -> 60m cooldown),4117.27,2.06
2026-09-28 15:51:01,SL Cooldown: 30 min remaining (4 consecutive SLs -> 60m cooldown),4121.03,2.11
2026-09-28 15:52:02,SL Cooldown: 29 min remaining (4 consecutive SLs -> 60m cooldown),4121.32,2.11
2026-09-28 16:04:03,SL Cooldown: 17 min remaining (4 consecutive SLs -> 60m cooldown),4120.86,2.09
2026-09-28 16:09:04,SL Cooldown: 12 min remaining (4 consecutive SLs -> 60m cooldown),4120.97,1.93
2026-09-28 16:13:05,SL Cooldown: 8 min remaining (4 consecutive SLs -> 60m cooldown),4118.77,1.87
2026-09-28 17:43:04,SL Cooldown: 57 min remaining (5 consecutive SLs -> 60m cooldown),4137.94,2.06
2026-09-29 03:49:07,SL Cooldown: 58 min remaining (6 consecutive SLs -> 60m cooldown),4136.58,1.62
2026-09-29 04:18:07,SL Cooldown: 29 min remaining (6 consecutive SLs -> 60m cooldown),4130.62,1.31
2026-09-29 04:24:07,SL Cooldown: 23 min remaining (6 consecutive SLs -> 60m cooldown),4129.23,1.28
2026-09-29 04:26:07,SL Cooldown: 21 min remaining (6 consecutive SLs -> 60m cooldown),4129.64,1.21
2026-09-29 04:33:07,SL Cooldown: 14 min remaining (6 consecutive SLs -> 60m cooldown),4129.87,1.17
2026-09-29 04:41:07,SL Cooldown: 6 min remaining (6 consecutive SLs -> 60m cooldown),4125.77,1.42
2026-09-29 04:42:07,SL Cooldown: 5 min remaining (6 consecutive SLs -> 60m cooldown),4125.30,1.42
2026-09-29 04:44:07,SL Cooldown: 3 min remaining (6 consecutive SLs -> 60m cooldown),4126.10,1.52
2026-09-29 04:46:07,SL Cooldown: 1 min remaining (6 consecutive SLs -> 60m cooldown),4126.73,1.32
2026-09-29 06:00:03,SL Cooldown: 11 min remaining (7 consecutive SLs -> 60m cooldown),4138.79,2.36
2026-09-29 06:05:03,SL Cooldown: 6 min remaining (7 consecutive SLs -> 60m cooldown),4142.22,2.77
2026-09-29 06:07:03,SL Cooldown: 4 min remaining (7 consecutive SLs -> 60m cooldown),4142.27,2.66
2026-09-29 06:08:03,SL Cooldown: 3 min remaining (7 consecutive SLs -> 60m cooldown),4141.57,2.32
2026-09-29 06:19:03,SL Cooldown: 60 min remaining (8 consecutive SLs -> 60m cooldown),4141.76,2.06
2026-09-29 06:21:03,SL Cooldown: 58 min remaining (8 consecutive SLs -> 60m cooldown),4142.63,2.06
2026-09-29 06:24:03,SL Cooldown: 55 min remaining (8 consecutive SLs -> 60m cooldown),4144.17,1.98
2026-09-29 06:25:03,SL Cooldown: 54 min remaining (8 consecutive SLs -> 60m cooldown),4143.55,1.96
2026-09-29 06:31:03,SL Cooldown: 48 min remaining (8 consecutive SLs -> 60m cooldown),4143.24,1.91
2026-09-29 06:32:03,SL Cooldown: 47 min remaining (8 consecutive SLs -> 60m cooldown),4143.47,1.76
2026-09-29 06:33:03,SL Cooldown: 46 min remaining (8 consecutive SLs -> 60m cooldown),4144.67,1.81
2026-09-29 06:37:03,SL Cooldown: 42 min remaining (8 consecutive SLs -> 60m cooldown),4143.11,1.57
2026-09-29 06:38:03,SL Cooldown: 41 min remaining (8 consecutive SLs -> 60m cooldown),4142.81,1.59
2026-09-29 06:41:03,SL Cooldown: 38 min remaining (8 consecutive SLs -> 60m cooldown),4143.33,1.44
2026-09-29 06:45:03,SL Cooldown: 34 min remaining (8 consecutive SLs -> 60m cooldown),4143.59,1.51
2026-09-29 06:46:03,SL Cooldown: 33 min remaining (8 consecutive SLs -> 60m cooldown),4142.93,1.47
2026-09-29 06:49:03,SL Cooldown: 30 min remaining (8 consecutive SLs -> 60m cooldown),4141.93,1.32
2026-09-29 16:08:03,SL Cooldown: 58 min remaining (10 consecutive SLs -> 60m cooldown),4151.36,1.95
2026-09-29 16:09:04,SL Cooldown: 57 min remaining (10 consecutive SLs -> 60m cooldown),4151.77,1.81
2026-09-29 16:10:05,SL Cooldown: 56 min remaining (10 consecutive SLs -> 60m cooldown),4152.06,1.81
2026-09-29 16:27:06,SL Cooldown: 39 min remaining (10 consecutive SLs -> 60m cooldown),4153.31,1.55
2026-09-29 16:28:02,SL Cooldown: 38 min remaining (10 consecutive SLs -> 60m cooldown),4153.21,1.53
2026-09-29 16:34:03,SL Cooldown: 32 min remaining (10 consecutive SLs -> 60m cooldown),4153.37,1.39
2026-09-29 16:35:04,SL Cooldown: 31 min remaining (10 consecutive SLs -> 60m cooldown),4153.31,1.36
2026-09-29 16:40:05,SL Cooldown: 26 min remaining (10 consecutive SLs -> 60m cooldown),4152.64,1.27
2026-09-29 18:33:03,SL Cooldown: 28 min remaining (11 consecutive SLs -> 60m cooldown),4163.77,2.99
2026-09-29 18:38:04,SL Cooldown: 23 min remaining (11 consecutive SLs -> 60m cooldown),4168.48,3.28
2026-09-29 18:49:05,SL Cooldown: 12 min remaining (11 consecutive SLs -> 60m cooldown),4166.87,2.44
2026-09-29 18:50:06,SL Cooldown: 11 min remaining (11 consecutive SLs -> 60m cooldown),4165.75,2.36
2026-09-29 18:51:07,SL Cooldown: 10 min remaining (11 consecutive SLs -> 60m cooldown),4165.53,2.34
2026-09-29 18:56:08,SL Cooldown: 5 min remaining (11 consecutive SLs -> 60m cooldown),4168.58,2.01
2026-09-29 18:58:09,SL Cooldown: 3 min remaining (11 consecutive SLs -> 60m cooldown),4169.00,1.81
2026-09-29 22:06:06,Blackout: Daily Market Rollover & Spread Spike,4181.29,1.21
2026-09-29 22:10:07,Blackout: Daily Market Rollover & Spread Spike,4182.23,1.21
2026-09-29 22:11:08,Blackout: Daily Market Rollover & Spread Spike,4182.51,1.21
2026-09-29 22:16:04,Blackout: Daily Market Rollover & Spread Spike,4181.13,1.10
2026-09-30 00:05:08,SL Cooldown: 28 min remaining,4183.84,1.40
2026-09-30 00:06:08,SL Cooldown: 27 min remaining,4184.03,1.46
2026-09-30 00:09:04,SL Cooldown: 25 min remaining,4184.48,1.42
2026-09-30 00:12:05,SL Cooldown: 22 min remaining,4184.64,1.34
2026-09-30 00:27:06,SL Cooldown: 7 min remaining,4182.65,1.53
2026-09-30 03:29:06,SL Cooldown: 49 min remaining (2 consecutive SLs -> 60m cooldown),4179.16,1.17
2026-09-30 04:03:07,SL Cooldown: 15 min remaining (2 consecutive SLs -> 60m cooldown),4174.19,1.12
2026-09-30 04:06:03,SL Cooldown: 12 min remaining (2 consecutive SLs -> 60m cooldown),4175.17,1.27
2026-09-30 04:11:03,SL Cooldown: 7 min remaining (2 consecutive SLs -> 60m cooldown),4172.78,1.25
2026-09-30 04:51:06,SL Cooldown: 60 min remaining (3 consecutive SLs -> 60m cooldown),4178.26,1.35
2026-09-30 05:40:02,SL Cooldown: 12 min remaining (3 consecutive SLs -> 60m cooldown),4175.63,2.22
2026-09-30 05:45:03,SL Cooldown: 7 min remaining (3 consecutive SLs -> 60m cooldown),4175.37,2.16
2026-09-30 05:46:04,SL Cooldown: 6 min remaining (3 consecutive SLs -> 60m cooldown),4175.52,1.86
2026-09-30 05:47:05,SL Cooldown: 4 min remaining (3 consecutive SLs -> 60m cooldown),4175.83,1.84
2026-09-30 06:08:03,SL Cooldown: 51 min remaining (4 consecutive SLs -> 60m cooldown),4181.49,2.52
2026-09-30 06:22:04,SL Cooldown: 37 min remaining (4 consecutive SLs -> 60m cooldown),4179.70,1.65
2026-09-30 06:24:04,SL Cooldown: 35 min remaining (4 consecutive SLs -> 60m cooldown),4180.80,1.67
2026-09-30 06:30:05,SL Cooldown: 29 min remaining (4 consecutive SLs -> 60m cooldown),4180.08,1.77
2026-09-30 06:36:06,SL Cooldown: 23 min remaining (4 consecutive SLs -> 60m cooldown),4180.17,1.62
2026-09-30 06:38:02,SL Cooldown: 21 min remaining (4 consecutive SLs -> 60m cooldown),4181.47,1.59
2026-09-30 06:44:03,SL Cooldown: 15 min remaining (4 consecutive SLs -> 60m cooldown),4180.63,1.57
2026-09-30 06:46:04,SL Cooldown: 13 min remaining (4 consecutive SLs -> 60m cooldown),4181.09,1.58
2026-09-30 06:47:05,SL Cooldown: 12 min remaining (4 consecutive SLs -> 60m cooldown),4180.39,1.61
2026-09-30 06:48:05,SL Cooldown: 11 min remaining (4 consecutive SLs -> 60m cooldown),4180.37,1.63
2026-09-30 06:49:06,SL Cooldown: 10 min remaining (4 consecutive SLs -> 60m cooldown),4179.87,1.64
2026-09-30 07:56:08,Blackout: London Open & Early Session Kill-Zone,4195.00,1.78
2026-09-30 07:59:04,Blackout: London Open & Early Session Kill-Zone,4193.41,1.79
2026-09-30 08:06:05,Blackout: London Open & Early Session Kill-Zone,4193.64,1.77
2026-09-30 08:07:00,Blackout: London Open & Early Session Kill-Zone,4194.31,1.70
2026-09-30 08:10:01,Blackout: London Open & Early Session Kill-Zone,4195.54,1.78
2026-09-30 08:11:02,Blackout: London Open & Early Session Kill-Zone,4195.29,1.73
2026-09-30 08:13:03,Blackout: London Open & Early Session Kill-Zone,4194.47,1.73
2026-09-30 08:16:04,Blackout: London Open & Early Session Kill-Zone,4195.03,1.70
2026-09-30 08:22:05,Blackout: London Open & Early Session Kill-Zone,4199.46,1.78
2026-09-30 08:29:06,Blackout: London Open & Early Session Kill-Zone,4198.97,1.89
2026-09-30 08:30:02,Blackout: London Open & Early Session Kill-Zone,4198.83,1.82
2026-09-30 08:31:03,Blackout: London Open & Early Session Kill-Zone,4198.47,1.77
2026-09-30 08:34:04,Blackout: London Open & Early Session Kill-Zone,4199.79,1.57
2026-09-30 08:37:04,Blackout: London Open & Early Session Kill-Zone,4200.51,1.47
2026-09-30 08:38:05,Blackout: London Open & Early Session Kill-Zone,4200.59,1.44
2026-09-30 08:42:06,Blackout: London Open & Early Session Kill-Zone,4199.99,1.28
2026-09-30 08:43:02,Blackout: London Open & Early Session Kill-Zone,4199.00,1.38
2026-09-30 08:45:03,Blackout: London Open & Early Session Kill-Zone,4197.79,1.32
2026-09-30 08:46:04,Blackout: London Open & Early Session Kill-Zone,4197.90,1.28
2026-09-30 10:06:05,SL Cooldown: 28 min remaining,4189.00,1.29
2026-09-30 10:10:06,SL Cooldown: 24 min remaining,4187.30,1.31
2026-09-30 10:12:02,SL Cooldown: 23 min remaining,4186.67,1.25
2026-09-30 10:14:03,SL Cooldown: 21 min remaining,4187.82,1.29
2026-09-30 10:15:04,SL Cooldown: 19 min remaining,4186.73,1.33
2026-09-30 10:16:06,SL Cooldown: 18 min remaining,4187.25,1.38
2026-09-30 10:17:02,SL Cooldown: 18 min remaining,4187.38,1.32
2026-09-30 10:18:03,SL Cooldown: 17 min remaining,4187.32,1.25
2026-09-30 10:24:04,SL Cooldown: 10 min remaining,4187.36,1.64
2026-09-30 10:30:05,SL Cooldown: 4 min remaining,4187.90,1.73
2026-09-30 12:28:04,Blackout: NY Early Pre-Market,4189.96,3.34
2026-09-30 12:29:05,Blackout: NY Early Pre-Market,4190.76,3.26
2026-09-30 12:52:06,ATR too high - News volatility (4.87 > 4.5),4212.37,4.87
2026-09-30 12:59:07,ATR too high - News volatility (4.51 > 4.5),4208.02,4.51
2026-09-30 14:07:05,Blackout: NY Open & US High-Impact Macro Releases,4181.79,2.87
2026-09-30 14:13:06,Blackout: NY Open & US High-Impact Macro Releases,4181.71,3.41
2026-09-30 14:15:07,Blackout: NY Open & US High-Impact Macro Releases,4180.16,3.50
2026-09-30 14:19:08,Blackout: NY Open & US High-Impact Macro Releases,4177.78,3.55
2026-09-30 14:45:04,Blackout: NY Open & US High-Impact Macro Releases,4169.10,3.54
2026-09-30 14:58:05,Blackout: NY Open & US High-Impact Macro Releases,4169.76,3.17
2026-09-30 16:49:04,SL Cooldown: 35 min remaining (3 consecutive SLs -> 60m cooldown),4158.46,1.74
2026-09-30 16:53:06,SL Cooldown: 31 min remaining (3 consecutive SLs -> 60m cooldown),4158.16,1.56
2026-09-30 16:54:01,SL Cooldown: 30 min remaining (3 consecutive SLs -> 60m cooldown),4158.03,1.53
2026-09-30 16:55:02,SL Cooldown: 29 min remaining (3 consecutive SLs -> 60m cooldown),4157.56,1.56
2026-09-30 16:56:03,SL Cooldown: 28 min remaining (3 consecutive SLs -> 60m cooldown),4156.49,1.62
2026-09-30 16:58:04,SL Cooldown: 26 min remaining (3 consecutive SLs -> 60m cooldown),4157.24,1.63
2026-09-30 16:59:06,SL Cooldown: 25 min remaining (3 consecutive SLs -> 60m cooldown),4157.15,1.66
2026-09-30 17:01:02,SL Cooldown: 23 min remaining (3 consecutive SLs -> 60m cooldown),4156.74,1.59
2026-09-30 17:02:03,SL Cooldown: 22 min remaining (3 consecutive SLs -> 60m cooldown),4157.37,1.65
2026-09-30 17:16:04,SL Cooldown: 8 min remaining (3 consecutive SLs -> 60m cooldown),4153.34,1.75
2026-09-30 17:20:05,SL Cooldown: 4 min remaining (3 consecutive SLs -> 60m cooldown),4151.39,1.72
2026-09-30 17:22:06,SL Cooldown: 2 min remaining (3 consecutive SLs -> 60m cooldown),4151.42,1.80
2026-09-30 18:00:06,SL Cooldown: 30 min remaining,4151.24,1.51
2026-09-30 18:10:02,SL Cooldown: 21 min remaining,4150.02,1.25
2026-09-30 18:12:08,SL Cooldown: 18 min remaining,4149.41,1.32
2026-09-30 18:13:04,SL Cooldown: 18 min remaining,4149.48,1.34
2026-09-30 18:18:05,SL Cooldown: 12 min remaining,4149.73,1.28
2026-09-30 22:02:04,Blackout: Daily Market Rollover & Spread Spike,4159.50,1.38
2026-09-30 22:03:05,Blackout: Daily Market Rollover & Spread Spike,4159.35,1.49
2026-09-30 22:04:06,Blackout: Daily Market Rollover & Spread Spike,4159.26,1.54
2026-09-30 22:05:02,Blackout: Daily Market Rollover & Spread Spike,4159.12,1.51
2026-10-01 10:14:07,SL Cooldown: 60 min remaining (2 consecutive SLs -> 60m cooldown),4157.62,1.86
2026-10-01 10:50:03,SL Cooldown: 25 min remaining (2 consecutive SLs -> 60m cooldown),4174.35,2.07
2026-10-01 10:59:04,SL Cooldown: 16 min remaining (2 consecutive SLs -> 60m cooldown),4174.96,1.92
2026-10-01 11:02:05,SL Cooldown: 13 min remaining (2 consecutive SLs -> 60m cooldown),4173.10,1.75
2026-10-01 11:04:06,SL Cooldown: 10 min remaining (2 consecutive SLs -> 60m cooldown),4173.74,1.63
2026-10-01 11:08:07,SL Cooldown: 6 min remaining (2 consecutive SLs -> 60m cooldown),4172.59,1.74
2026-10-01 11:11:03,SL Cooldown: 4 min remaining (2 consecutive SLs -> 60m cooldown),4171.24,1.67
2026-10-01 12:43:04,Blackout: NY Early Pre-Market,4183.65,2.68
2026-10-01 12:51:05,SL Cooldown: 25 min remaining (3 consecutive SLs -> 60m cooldown),4184.69,2.50
2026-10-01 12:59:06,SL Cooldown: 17 min remaining (3 consecutive SLs -> 60m cooldown),4180.68,2.11
2026-10-01 13:39:02,Blackout: NY Open & US High-Impact Macro Releases,4166.17,2.44
2026-10-01 13:46:03,Blackout: NY Open & US High-Impact Macro Releases,4163.00,2.78
2026-10-01 13:55:04,Blackout: NY Open & US High-Impact Macro Releases,4163.76,2.48
2026-10-01 13:59:05,Blackout: NY Open & US High-Impact Macro Releases,4164.60,2.53
2026-10-01 14:03:01,Blackout: NY Open & US High-Impact Macro Releases,4156.22,3.03
2026-10-01 14:09:02,Blackout: NY Open & US High-Impact Macro Releases,4157.99,3.60
2026-10-01 14:23:03,Blackout: NY Open & US High-Impact Macro Releases,4156.88,3.00
2026-10-01 15:34:01,SL Cooldown: 55 min remaining (4 consecutive SLs -> 60m cooldown),4159.63,3.21
2026-10-01 16:16:08,SL Cooldown: 12 min remaining (4 consecutive SLs -> 60m cooldown),4169.89,2.31
2026-10-01 16:17:04,SL Cooldown: 12 min remaining (4 consecutive SLs -> 60m cooldown),4170.10,2.28
2026-10-01 16:18:04,SL Cooldown: 11 min remaining (4 consecutive SLs -> 60m cooldown),4170.76,2.20
2026-10-01 16:26:05,SL Cooldown: 2 min remaining (4 consecutive SLs -> 60m cooldown),4169.28,1.85
2026-10-01 16:54:03,SL Cooldown: 46 min remaining (5 consecutive SLs -> 60m cooldown),4161.72,1.79
2026-10-01 17:00:04,SL Cooldown: 40 min remaining (5 consecutive SLs -> 60m cooldown),4162.32,1.67
2026-10-01 17:26:05,SL Cooldown: 14 min remaining (5 consecutive SLs -> 60m cooldown),4176.18,1.80
2026-10-01 17:27:06,SL Cooldown: 13 min remaining (5 consecutive SLs -> 60m cooldown),4176.36,1.79
2026-10-01 17:30:02,SL Cooldown: 10 min remaining (5 consecutive SLs -> 60m cooldown),4172.43,1.96
2026-10-01 17:32:03,SL Cooldown: 8 min remaining (5 consecutive SLs -> 60m cooldown),4177.53,3.19
2026-10-01 17:34:04,SL Cooldown: 6 min remaining (5 consecutive SLs -> 60m cooldown),4174.97,3.44
2026-10-01 18:38:02,SL Cooldown: 19 min remaining (6 consecutive SLs -> 60m cooldown),4178.14,2.74
2026-10-01 18:40:03,SL Cooldown: 17 min remaining (6 consecutive SLs -> 60m cooldown),4176.96,2.52
2026-10-01 18:41:04,SL Cooldown: 16 min remaining (6 consecutive SLs -> 60m cooldown),4177.14,2.35
2026-10-01 18:44:05,SL Cooldown: 13 min remaining (6 consecutive SLs -> 60m cooldown),4177.67,2.22
2026-10-01 18:47:01,SL Cooldown: 10 min remaining (6 consecutive SLs -> 60m cooldown),4178.00,1.95
2026-10-01 18:48:02,SL Cooldown: 9 min remaining (6 consecutive SLs -> 60m cooldown),4177.95,1.82
2026-10-01 18:51:03,SL Cooldown: 6 min remaining (6 consecutive SLs -> 60m cooldown),4176.88,1.19
2026-10-02 01:47:03,SL Cooldown: 25 min remaining,4147.61,2.14
2026-10-02 01:50:04,SL Cooldown: 22 min remaining,4148.42,2.06
2026-10-02 01:53:05,SL Cooldown: 19 min remaining,4147.08,2.08
2026-10-02 01:54:06,SL Cooldown: 18 min remaining,4146.78,2.16
2026-10-02 06:03:05,SL Cooldown: 14 min remaining,4188.72,1.87
2026-10-02 06:16:06,SL Cooldown: 1 min remaining,4191.48,2.43
2026-10-02 07:52:06,SL Cooldown: 46 min remaining (3 consecutive SLs -> 60m cooldown),4184.52,1.57
2026-10-02 07:54:07,SL Cooldown: 44 min remaining (3 consecutive SLs -> 60m cooldown),4184.80,1.53
2026-10-02 07:55:03,Blackout: London Open & Early Session Kill-Zone,4184.67,1.50
2026-10-02 08:05:04,Blackout: London Open & Early Session Kill-Zone,4187.48,2.60
2026-10-02 08:11:05,Blackout: London Open & Early Session Kill-Zone,4191.59,3.30
2026-10-02 08:12:06,Blackout: London Open & Early Session Kill-Zone,4189.72,3.20
2026-10-02 08:15:06,Blackout: London Open & Early Session Kill-Zone,4188.53,3.16
2026-10-02 08:17:07,Blackout: London Open & Early Session Kill-Zone,4187.32,3.14
2026-10-02 09:06:05,SL Cooldown: 52 min remaining (4 consecutive SLs -> 60m cooldown),4182.15,1.44
2026-10-02 09:09:01,SL Cooldown: 49 min remaining (4 consecutive SLs -> 60m cooldown),4182.12,1.37
2026-10-02 09:22:02,SL Cooldown: 36 min remaining (4 consecutive SLs -> 60m cooldown),4185.20,1.77
2026-10-02 09:29:03,SL Cooldown: 29 min remaining (4 consecutive SLs -> 60m cooldown),4186.21,1.69
2026-10-02 09:30:04,SL Cooldown: 28 min remaining (4 consecutive SLs -> 60m cooldown),4186.39,1.65
2026-10-02 09:32:05,SL Cooldown: 26 min remaining (4 consecutive SLs -> 60m cooldown),4187.22,1.65
2026-10-02 09:34:06,SL Cooldown: 24 min remaining (4 consecutive SLs -> 60m cooldown),4186.11,1.71
2026-10-02 11:16:05,SL Cooldown: 19 min remaining (5 consecutive SLs -> 60m cooldown),4187.69,2.13
2026-10-02 11:18:06,SL Cooldown: 17 min remaining (5 consecutive SLs -> 60m cooldown),4184.43,2.19
2026-10-02 11:19:06,SL Cooldown: 16 min remaining (5 consecutive SLs -> 60m cooldown),4185.52,2.18
2026-10-02 11:23:03,SL Cooldown: 12 min remaining (5 consecutive SLs -> 60m cooldown),4184.36,2.12
2026-10-02 11:24:03,SL Cooldown: 11 min remaining (5 consecutive SLs -> 60m cooldown),4184.56,1.97
2026-10-02 11:25:04,SL Cooldown: 10 min remaining (5 consecutive SLs -> 60m cooldown),4184.29,1.94
2026-10-02 11:27:05,SL Cooldown: 8 min remaining (5 consecutive SLs -> 60m cooldown),4184.75,1.76
2026-10-02 11:54:08,SL Cooldown: 59 min remaining (6 consecutive SLs -> 60m cooldown),4180.05,1.80
2026-10-02 12:05:09,SL Cooldown: 48 min remaining (6 consecutive SLs -> 60m cooldown),4178.36,2.01
2026-10-02 12:06:05,SL Cooldown: 48 min remaining (6 consecutive SLs -> 60m cooldown),4179.41,2.08
2026-10-02 12:11:01,SL Cooldown: 43 min remaining (6 consecutive SLs -> 60m cooldown),4179.01,1.93
2026-10-02 12:17:08,SL Cooldown: 36 min remaining (6 consecutive SLs -> 60m cooldown),4177.11,2.16
2026-10-02 12:21:03,SL Cooldown: 33 min remaining (6 consecutive SLs -> 60m cooldown),4178.62,2.42
2026-10-02 12:25:04,Blackout: NY Early Pre-Market,4177.12,2.64
2026-10-02 12:27:05,Blackout: NY Early Pre-Market,4180.05,2.76
2026-10-02 12:57:06,ATR too high - News volatility (4.98 > 4.5),4214.63,4.98
2026-10-02 12:58:03,ATR too high - News volatility (4.83 > 4.5),4213.12,4.83
2026-10-02 13:09:04,ATR too high - News volatility (5.28 > 4.5),4206.54,5.28
2026-10-02 13:11:06,ATR too high - News volatility (4.98 > 4.5),4205.72,4.98
2026-10-02 14:16:03,Blackout: NY Open & US High-Impact Macro Releases,4186.63,4.94
2026-10-02 14:43:04,Blackout: NY Open & US High-Impact Macro Releases,4178.71,3.59
2026-10-02 14:48:05,Blackout: NY Open & US High-Impact Macro Releases,4175.57,3.37
2026-10-02 16:24:06,SL Cooldown: 27 min remaining,4137.78,2.40
2026-10-02 16:26:07,SL Cooldown: 25 min remaining,4133.17,2.73
2026-10-02 16:47:08,SL Cooldown: 4 min remaining,4137.67,2.24
2026-10-02 16:48:04,SL Cooldown: 4 min remaining,4137.21,2.19
2026-10-02 17:32:03,SL Cooldown: 31 min remaining (2 consecutive SLs -> 60m cooldown),4133.99,2.11
2026-10-02 17:38:04,SL Cooldown: 25 min remaining (2 consecutive SLs -> 60m cooldown),4136.66,2.22
2026-10-02 17:39:05,SL Cooldown: 24 min remaining (2 consecutive SLs -> 60m cooldown),4136.82,2.13
2026-10-02 17:40:05,SL Cooldown: 23 min remaining (2 consecutive SLs -> 60m cooldown),4136.39,2.07
2026-10-02 17:41:02,SL Cooldown: 22 min remaining (2 consecutive SLs -> 60m cooldown),4136.00,1.87
2026-10-02 17:43:02,SL Cooldown: 20 min remaining (2 consecutive SLs -> 60m cooldown),4136.70,1.69
2026-10-02 17:48:04,SL Cooldown: 15 min remaining (2 consecutive SLs -> 60m cooldown),4136.89,1.43
2026-10-02 20:24:05,SL Cooldown: 19 min remaining (3 consecutive SLs -> 60m cooldown),4142.86,1.19
2026-10-04 22:08:06,Blackout: Daily Market Rollover & Spread Spike,4141.31,3.44
2026-10-04 22:15:07,Blackout: Daily Market Rollover & Spread Spike,4140.43,2.82
2026-10-04 22:16:08,Blackout: Daily Market Rollover & Spread Spike,4140.83,2.40
2026-10-04 22:19:04,Blackout: Daily Market Rollover & Spread Spike,4138.37,1.63
2026-10-04 22:21:05,Blackout: Daily Market Rollover & Spread Spike,4139.17,1.28
2026-10-04 22:29:06,Blackout: Daily Market Rollover & Spread Spike,4140.14,1.11
2026-10-05 00:15:04,SL Cooldown: 31 min remaining (4 consecutive SLs -> 60m cooldown),4148.81,1.75
2026-10-05 00:18:05,SL Cooldown: 28 min remaining (4 consecutive SLs -> 60m cooldown),4148.72,2.05
2026-10-05 00:19:06,SL Cooldown: 27 min remaining (4 consecutive SLs -> 60m cooldown),4149.21,2.01
2026-10-05 00:25:07,SL Cooldown: 21 min remaining (4 consecutive SLs -> 60m cooldown),4156.89,2.25
2026-10-05 00:34:03,SL Cooldown: 12 min remaining (4 consecutive SLs -> 60m cooldown),4153.30,1.91
2026-10-05 00:36:04,SL Cooldown: 10 min remaining (4 consecutive SLs -> 60m cooldown),4152.71,1.89
2026-10-05 00:37:05,SL Cooldown: 9 min remaining (4 consecutive SLs -> 60m cooldown),4152.80,1.77
2026-10-05 00:38:01,SL Cooldown: 9 min remaining (4 consecutive SLs -> 60m cooldown),4152.64,1.73
2026-10-05 00:43:02,SL Cooldown: 4 min remaining (4 consecutive SLs -> 60m cooldown),4152.39,1.27
2026-10-05 01:01:07,SL Cooldown: 30 min remaining,4155.87,1.49
2026-10-05 01:03:03,SL Cooldown: 29 min remaining,4157.95,1.50
2026-10-05 01:04:04,SL Cooldown: 28 min remaining,4158.21,1.53
2026-10-05 01:11:05,SL Cooldown: 21 min remaining,4156.66,1.77
2026-10-05 01:16:06,SL Cooldown: 15 min remaining,4157.03,1.57
2026-10-05 01:19:07,SL Cooldown: 12 min remaining,4157.34,1.58
2026-10-05 01:20:08,SL Cooldown: 11 min remaining,4157.79,1.61
2026-10-05 02:03:01,SL Cooldown: 42 min remaining (2 consecutive SLs -> 60m cooldown),4160.20,1.30
2026-10-05 02:04:02,SL Cooldown: 41 min remaining (2 consecutive SLs -> 60m cooldown),4159.52,1.36
2026-10-05 02:06:03,SL Cooldown: 39 min remaining (2 consecutive SLs -> 60m cooldown),4160.18,1.39
2026-10-05 02:08:04,SL Cooldown: 37 min remaining (2 consecutive SLs -> 60m cooldown),4159.88,1.36
2026-10-05 02:13:05,SL Cooldown: 31 min remaining (2 consecutive SLs -> 60m cooldown),4159.79,1.56
2026-10-05 02:16:05,SL Cooldown: 28 min remaining (2 consecutive SLs -> 60m cooldown),4159.80,1.63
2026-10-05 02:25:06,SL Cooldown: 19 min remaining (2 consecutive SLs -> 60m cooldown),4160.34,1.72
2026-10-05 03:32:05,SL Cooldown: 57 min remaining (3 consecutive SLs -> 60m cooldown),4143.10,1.45
2026-10-05 03:33:05,SL Cooldown: 56 min remaining (3 consecutive SLs -> 60m cooldown),4143.48,1.48
2026-10-05 03:37:01,SL Cooldown: 53 min remaining (3 consecutive SLs -> 60m cooldown),4143.89,1.68
2026-10-05 03:38:02,SL Cooldown: 52 min remaining (3 consecutive SLs -> 60m cooldown),4143.37,1.57
2026-10-05 03:50:04,SL Cooldown: 39 min remaining (3 consecutive SLs -> 60m cooldown),4144.40,1.50
2026-10-05 04:26:05,SL Cooldown: 3 min remaining (3 consecutive SLs -> 60m cooldown),4132.58,1.73
2026-10-05 07:40:05,SL Cooldown: 18 min remaining,4154.40,1.85
2026-10-05 07:57:04,Blackout: London Open & Early Session Kill-Zone,4161.01,2.51
2026-10-05 08:01:05,Blackout: London Open & Early Session Kill-Zone,4160.61,2.02
2026-10-05 08:09:06,Blackout: London Open & Early Session Kill-Zone,4163.41,1.99
2026-10-05 08:21:07,Blackout: London Open & Early Session Kill-Zone,4167.77,1.90
2026-10-05 08:24:08,Blackout: London Open & Early Session Kill-Zone,4167.13,1.86
2026-10-05 08:40:04,Blackout: London Open & Early Session Kill-Zone,4164.87,2.15
2026-10-05 08:51:05,Blackout: London Open & Early Session Kill-Zone,4166.75,2.50
2026-10-05 08:53:01,Blackout: London Open & Early Session Kill-Zone,4167.65,2.47
2026-10-05 08:57:02,Blackout: London Open & Early Session Kill-Zone,4164.09,2.46
2026-10-05 10:21:01,SL Cooldown: 14 min remaining (2 consecutive SLs -> 60m cooldown),4156.35,1.53
2026-10-05 10:22:02,SL Cooldown: 13 min remaining (2 consecutive SLs -> 60m cooldown),4156.70,1.50
2026-10-05 10:23:02,SL Cooldown: 12 min remaining (2 consecutive SLs -> 60m cooldown),4156.51,1.39
2026-10-05 10:25:03,SL Cooldown: 10 min remaining (2 consecutive SLs -> 60m cooldown),4157.95,1.25
2026-10-05 10:29:04,SL Cooldown: 5 min remaining (2 consecutive SLs -> 60m cooldown),4158.20,1.27
2026-10-05 10:32:05,SL Cooldown: 2 min remaining (2 consecutive SLs -> 60m cooldown),4158.22,1.15
2026-10-05 12:01:01,SL Cooldown: 43 min remaining (3 consecutive SLs -> 60m cooldown),4155.65,1.61
2026-10-05 12:17:02,SL Cooldown: 27 min remaining (3 consecutive SLs -> 60m cooldown),4156.10,1.61
2026-10-05 12:19:03,SL Cooldown: 25 min remaining (3 consecutive SLs -> 60m cooldown),4155.18,1.57
2026-10-05 12:22:04,SL Cooldown: 22 min remaining (3 consecutive SLs -> 60m cooldown),4154.95,1.68
2026-10-05 12:23:05,SL Cooldown: 20 min remaining (3 consecutive SLs -> 60m cooldown),4155.31,1.64
2026-10-05 12:24:06,SL Cooldown: 19 min remaining (3 consecutive SLs -> 60m cooldown),4156.50,1.69
2026-10-05 12:41:02,Blackout: NY Early Pre-Market,4161.33,2.09
2026-10-05 13:05:05,SL Cooldown: 46 min remaining (4 consecutive SLs -> 60m cooldown),4153.83,1.84
2026-10-05 13:11:06,SL Cooldown: 40 min remaining (4 consecutive SLs -> 60m cooldown),4151.86,2.10
2026-10-05 13:17:07,SL Cooldown: 34 min remaining (4 consecutive SLs -> 60m cooldown),4153.09,2.14
2026-10-05 13:18:08,SL Cooldown: 33 min remaining (4 consecutive SLs -> 60m cooldown),4153.16,2.24
2026-10-05 13:19:08,SL Cooldown: 32 min remaining (4 consecutive SLs -> 60m cooldown),4153.21,2.11
2026-10-05 13:23:04,SL Cooldown: 28 min remaining (4 consecutive SLs -> 60m cooldown),4150.86,1.79
2026-10-05 13:26:05,Blackout: NY Open & US High-Impact Macro Releases,4152.66,1.89
2026-10-05 13:31:06,Blackout: NY Open & US High-Impact Macro Releases,4152.26,1.87
2026-10-05 13:34:07,Blackout: NY Open & US High-Impact Macro Releases,4148.15,1.95
2026-10-05 13:53:03,Blackout: NY Open & US High-Impact Macro Releases,4141.55,3.19
2026-10-05 13:55:04,Blackout: NY Open & US High-Impact Macro Releases,4139.83,3.09
2026-10-05 14:08:05,Blackout: NY Open & US High-Impact Macro Releases,4140.05,3.40
2026-10-05 14:20:06,Blackout: NY Open & US High-Impact Macro Releases,4139.30,3.01
2026-10-05 14:25:02,Blackout: NY Open & US High-Impact Macro Releases,4140.28,2.19
2026-10-05 14:39:03,Blackout: NY Open & US High-Impact Macro Releases,4136.08,2.16
2026-10-05 14:43:04,Blackout: NY Open & US High-Impact Macro Releases,4140.30,2.21
