Trade_Num,Trade_Type,Entry_Time,Exit_Time,Entry_Price,Stop_Loss,Take_Profit,Exit_Price,Exit_Reason,Profit,Balance_After,RSI_At_Entry,ATR_At_Entry,Wick_Ratio_At_Entry,EMA50_At_Entry,EMA200_At_Entry
1,BUY,2026-09-04 08:20:02,2026-09-04 08:25:01,4483.10,4481.00,4486.24,4480.49,SL,-2.61,497.39,42.2,1.05,100.0%,4480.21,4474.19
2,BUY,2026-09-04 08:25:02,2026-09-04 08:26:38,4481.89,4480.06,4484.65,4479.89,SL,-2.01,495.38,48.6,0.92,50.0%,4480.60,4474.59
3,BUY,2026-09-04 08:27:00,2026-09-04 08:33:02,4480.29,4478.25,4483.34,4478.08,SL,-2.21,493.17,44.7,1.02,66.7%,4480.61,4474.71
4,BUY,2026-09-04 08:38:00,2026-09-04 08:39:02,4480.69,4478.71,4483.66,4478.48,SL,-2.21,490.97,44.4,0.99,100.0%,4480.71,4475.36
5,BUY,2026-09-04 08:39:03,2026-09-04 08:45:21,4479.89,4477.79,4483.03,4477.68,SL,-2.21,488.76,39.6,1.05,40.0%,4480.68,4475.40
6,BUY,2026-09-04 08:58:02,2026-09-04 09:02:02,4479.48,4477.57,4482.36,4477.48,SL,-2.01,486.75,56.5,0.96,85.7%,4478.97,4475.66
7,BUY,2026-09-04 09:06:04,2026-09-04 09:07:02,4478.08,4476.10,4481.04,4475.27,SL,-2.81,483.95,65.3,0.99,50.0%,4478.73,4475.85
8,BUY,2026-09-04 09:08:00,2026-09-04 09:08:10,4476.48,4474.10,4480.04,4474.07,SL,-2.40,481.55,57.1,1.19,57.1%,4478.59,4475.87
1,BUY,2026-09-04 15:30:00,2026-09-04 15:43:15,4441.29,4437.42,4447.08,4447.41,TP,6.12,506.12,50.0,1.93,83.3%,4436.07,4432.71
2,BUY,2026-09-04 15:45:01,2026-09-04 15:56:04,4443.85,4440.41,4449.01,4440.10,SL,-3.75,502.37,56.7,1.72,75.0%,4437.89,4433.66
3,BUY,2026-09-04 16:27:02,2026-09-04 17:02:03,4437.34,4433.66,4442.87,4433.02,SL,-4.33,498.05,57.1,1.84,100.0%,4438.61,4435.50
12,BUY,2026-09-07 08:31:01,2026-09-07 08:41:03,4419.11,4415.98,4423.80,4414.82,SL,-4.29,495.71,52.3,1.56,50.0%,4411.43,4403.72
13,BUY,2026-09-07 13:21:00,2026-09-07 13:32:11,4402.96,4400.55,4406.57,4406.84,TP,3.88,503.88,67.8,1.20,100.0%,4398.29,4396.48
14,BUY,2026-09-07 13:39:02,2026-09-07 13:48:05,4403.73,4401.49,4407.10,4407.62,TP,3.88,507.76,49.0,1.12,40.0%,4401.44,4397.72
15,BUY,2026-09-07 13:50:01,2026-09-07 13:50:16,4406.45,4404.15,4409.90,4404.12,SL,-2.33,505.43,47.1,1.15,100.0%,4402.38,4398.30
16,BUY,2026-09-07 15:06:00,2026-09-07 15:07:03,4413.84,4411.53,4417.31,4411.12,SL,-2.73,502.71,48.9,1.16,100.0%,4411.37,4404.23
17,BUY,2026-09-07 23:57:00,2026-09-08 00:13:05,4421.06,4417.48,4426.43,4416.77,SL,-4.30,498.41,54.3,1.79,40.0%,4417.53,4412.67
18,BUY,2026-09-08 00:46:00,2026-09-08 00:53:02,4420.87,4417.54,4425.86,4416.38,SL,-4.49,493.92,44.4,1.66,41.7%,4421.54,4416.12
19,BUY,2026-09-08 02:28:03,2026-09-08 02:29:11,4428.11,4425.67,4431.76,4425.37,SL,-2.74,491.18,49.2,1.22,75.0%,4426.45,4417.80
20,BUY,2026-09-08 03:28:05,2026-09-08 03:34:07,4435.38,4431.56,4441.11,4431.25,SL,-4.13,487.05,64.1,1.91,58.3%,4429.18,4422.01
21,BUY,2026-09-08 04:15:00,2026-09-08 04:21:19,4440.50,4438.02,4444.22,4437.94,SL,-2.56,484.49,64.8,1.24,50.0%,4436.14,4427.06
22,BUY,2026-09-08 05:09:00,2026-09-08 05:10:07,4433.41,4430.68,4437.50,4430.66,SL,-2.75,481.74,43.5,1.36,50.0%,4435.56,4430.14
23,BUY,2026-09-08 11:47:00,2026-09-08 11:48:13,4404.12,4401.77,4407.66,4401.60,SL,-2.52,479.22,63.0,1.18,41.7%,4401.43,4400.10
24,BUY,2026-09-08 13:22:00,2026-09-08 13:22:10,4408.59,4405.90,4412.62,4405.87,SL,-2.72,476.50,60.0,1.35,71.4%,4404.29,4401.39
25,BUY,2026-09-08 15:22:00,2026-09-08 15:22:03,4406.45,4403.87,4410.32,4402.57,SL,-3.88,472.62,65.0,1.29,54.5%,4401.26,4400.26
26,BUY,2026-09-09 01:31:01,2026-09-09 01:35:07,4372.16,4369.35,4376.37,4376.56,TP,4.40,477.02,67.6,1.40,66.7%,4361.93,4358.13
27,BUY,2026-09-09 01:49:00,2026-09-09 01:49:03,4376.18,4373.74,4379.83,4373.69,SL,-2.49,474.53,65.0,1.22,58.3%,4368.78,4360.87
28,BUY,2026-09-09 02:21:03,2026-09-09 02:26:11,4375.03,4372.35,4379.04,4372.16,SL,-2.87,471.66,57.4,1.34,66.7%,4372.33,4364.29
29,BUY,2026-09-09 03:10:00,2026-09-09 03:18:07,4379.82,4377.21,4383.73,4376.94,SL,-2.88,468.79,35.3,1.30,71.4%,4376.58,4368.68
30,BUY,2026-09-09 04:44:01,2026-09-09 04:54:18,4376.75,4374.53,4380.08,4380.20,TP,3.45,472.24,44.9,1.11,50.0%,4376.93,4373.40
31,BUY,2026-09-09 05:28:03,2026-09-09 05:38:04,4387.12,4384.89,4390.46,4391.36,TP,4.24,476.48,55.2,1.11,50.0%,4383.14,4376.98
32,BUY,2026-09-09 06:01:00,2026-09-09 06:05:02,4399.28,4396.82,4402.97,4403.35,TP,4.07,480.55,64.1,1.23,50.0%,4391.84,4381.68
33,BUY,2026-09-09 06:10:04,2026-09-09 06:23:02,4401.21,4398.61,4405.12,4398.50,SL,-2.71,477.84,58.2,1.30,83.3%,4394.65,4383.34
34,BUY,2026-09-09 08:15:00,2026-09-09 08:18:04,4405.87,4403.37,4409.62,4403.35,SL,-2.52,475.31,31.5,1.25,50.0%,4407.83,4398.82
35,BUY,2026-09-09 11:36:01,2026-09-09 11:48:31,4406.06,4403.54,4409.85,4403.35,SL,-2.72,472.60,58.8,1.26,50.0%,4403.03,4399.40
36,BUY,2026-09-09 12:20:00,2026-09-09 12:27:20,4397.92,4394.27,4403.40,4394.25,SL,-3.67,468.92,34.7,1.83,40.0%,4403.75,4401.28
37,BUY,2026-09-09 13:43:00,2026-09-09 13:44:05,4419.50,4414.88,4426.43,4413.84,SL,-5.66,463.27,32.5,2.31,50.0%,4417.28,4406.43
38,BUY,2026-09-09 14:18:06,2026-09-09 14:21:07,4419.69,4415.56,4425.89,4415.40,SL,-4.29,458.97,52.6,2.07,58.3%,4419.08,4410.12
39,BUY,2026-09-09 14:56:02,2026-09-09 14:56:07,4421.26,4418.63,4425.19,4418.52,SL,-2.73,456.24,36.7,1.31,50.0%,4420.59,4411.49
40,BUY,2026-09-09 17:20:06,2026-09-09 17:31:04,4417.74,4414.40,4422.76,4414.23,SL,-3.51,452.72,67.1,1.67,40.0%,4410.29,4405.99
41,SELL,2026-09-10 00:09:00,2026-09-10 00:11:04,4391.74,4393.95,4388.44,4394.06,SL,-2.32,450.40,36.4,1.10,55.6%,4395.23,4399.46
42,BUY,2026-09-10 06:09:00,2026-09-10 06:13:02,4424.78,4422.12,4428.77,4421.45,SL,-3.33,447.07,38.3,1.33,57.1%,4417.04,4405.70
43,SELL,2026-09-10 09:01:06,2026-09-10 09:33:02,4394.77,4398.10,4389.77,4389.77,TP,5.00,452.07,50.2,1.67,60.9%,4399.78,4407.15
44,SELL,2026-09-10 09:35:03,2026-09-10 09:49:04,4391.81,4395.20,4386.72,4395.20,SL,-3.39,448.68,36.6,1.70,41.8%,4394.91,4403.20
45,SELL,2026-09-10 11:02:05,2026-09-10 11:27:06,4380.66,4387.13,4370.95,4387.13,SL,-6.47,442.20,46.0,3.24,54.8%,4385.81,4395.08
46,BUY,2026-09-10 15:56:05,2026-09-10 16:00:07,4365.81,4365.81,4372.78,4365.81,BE,-0.00,442.20,47.4,2.32,71.5%,4364.57,4364.51
47,BUY,2026-09-10 16:02:58,2026-09-10 16:04:05,4367.45,4367.45,4374.61,4367.45,BE,-0.00,442.20,64.1,2.39,57.4%,4364.98,4364.62
48,BUY,2026-09-10 16:04:06,2026-09-10 16:05:07,4368.43,4368.43,4375.23,4368.43,BE,-0.00,442.20,55.5,2.27,48.6%,4365.22,4364.69
49,SELL,2026-09-10 16:24:03,2026-09-10 16:27:05,4361.23,4361.23,4354.08,4361.23,BE,-0.00,442.20,53.8,2.38,49.7%,4362.22,4363.83
50,SELL,2026-09-10 16:28:06,2026-09-10 16:35:08,4362.02,4362.02,4356.11,4362.02,BE,-0.00,442.20,60.9,1.97,62.4%,4362.09,4363.73
51,SELL,2026-09-10 16:36:09,2026-09-10 16:39:04,4356.35,4360.83,4349.63,4360.83,SL,-4.48,437.72,35.8,2.24,51.7%,4361.88,4363.56
52,SELL,2026-09-10 17:48:03,2026-09-10 17:57:05,4357.02,4357.02,4351.07,4357.02,BE,-0.00,437.72,33.7,1.98,56.7%,4361.31,4362.58
53,SELL,2026-09-10 18:24:06,2026-09-10 18:26:08,4344.57,4344.57,4337.85,4344.57,BE,-0.00,437.72,57.0,2.24,94.6%,4350.01,4358.23
54,SELL,2026-09-10 18:26:09,2026-09-10 18:27:06,4342.70,4342.70,4335.97,4342.70,BE,-0.00,437.72,52.5,2.24,44.4%,4349.48,4357.93
55,SELL,2026-09-10 18:50:02,2026-09-10 18:51:03,4331.54,4331.54,4325.94,4331.54,BE,-0.00,437.72,36.6,1.87,69.8%,4339.87,4352.90
56,SELL,2026-09-10 18:57:04,2026-09-10 18:58:06,4335.33,4335.33,4326.77,4335.33,BE,-0.00,437.72,53.1,2.85,69.4%,4338.53,4351.65
57,SELL,2026-09-10 19:23:07,2026-09-10 19:25:03,4324.03,4329.09,4316.44,4329.09,SL,-5.06,432.66,67.4,2.53,38.2%,4327.48,4344.77
58,SELL,2026-09-10 20:35:03,2026-09-10 20:37:05,4316.50,4316.50,4312.82,4316.50,BE,-0.00,432.66,36.6,1.23,63.2%,4320.85,4333.17
59,SELL,2026-09-10 20:38:05,2026-09-10 20:41:07,4316.60,4316.60,4313.03,4316.60,BE,-0.00,432.66,47.1,1.19,85.5%,4320.36,4332.68
60,SELL,2026-09-10 20:46:03,2026-09-10 20:56:05,4317.74,4317.74,4314.06,4317.74,BE,-0.00,432.66,59.4,1.23,78.3%,4319.51,4331.49
61,SELL,2026-09-10 22:39:06,2026-09-10 22:40:08,4316.96,4316.96,4313.01,4316.96,BE,-0.00,432.66,35.0,1.32,45.0%,4319.15,4326.53
62,SELL,2026-09-10 22:46:04,2026-09-10 22:52:05,4315.82,4318.54,4311.74,4318.54,SL,-2.72,429.94,48.7,1.36,42.9%,4318.37,4325.81
63,SELL,2026-09-10 23:54:05,2026-09-10 23:55:07,4313.62,4313.62,4308.59,4313.62,BE,-0.00,429.94,40.5,1.68,80.5%,4316.74,4321.63
64,BUY,2026-09-11 01:02:03,2026-09-11 01:03:05,4332.44,4332.44,4338.20,4332.44,BE,-0.00,429.94,52.2,1.92,45.5%,4326.14,4322.76
65,BUY,2026-09-11 01:11:06,2026-09-11 01:16:02,4338.43,4332.08,4347.96,4332.08,SL,-6.35,423.59,61.4,3.18,58.1%,4329.45,4324.00
66,SELL,2026-09-11 02:42:06,2026-09-11 02:43:07,4323.40,4323.40,4315.19,4323.40,BE,-0.00,423.59,45.8,2.73,58.5%,4325.50,4326.02
67,SELL,2026-09-11 02:46:03,2026-09-11 02:48:05,4317.79,4317.79,4309.63,4317.79,BE,-0.00,423.59,48.6,2.72,64.2%,4324.62,4325.77
68,SELL,2026-09-11 02:50:06,2026-09-11 03:00:08,4323.67,4323.67,4314.94,4323.67,BE,-0.00,423.59,65.7,2.91,79.9%,4324.06,4325.57
69,SELL,2026-09-11 03:06:04,2026-09-11 03:07:05,4320.92,4320.92,4315.11,4320.92,BE,-0.00,423.59,38.5,1.94,55.7%,4323.71,4325.25
70,SELL,2026-09-11 03:10:06,2026-09-11 03:12:08,4317.57,4317.57,4310.96,4317.57,BE,-0.00,423.59,35.6,2.20,41.5%,4322.79,4324.94
71,SELL,2026-09-11 03:17:09,2026-09-11 03:18:05,4319.88,4319.88,4312.79,4319.88,BE,-0.00,423.59,36.7,2.36,89.3%,4321.68,4324.49
72,SELL,2026-09-11 03:39:01,2026-09-11 03:45:03,4309.32,4309.32,4302.54,4309.32,BE,-0.00,423.59,64.5,2.26,54.8%,4314.42,4321.55
73,SELL,2026-09-11 03:47:19,2026-09-11 03:55:01,4303.43,4303.43,4296.15,4303.43,BE,-0.00,423.59,35.9,2.43,41.2%,4312.63,4320.51
74,SELL,2026-09-11 04:02:02,2026-09-11 04:05:03,4303.01,4307.12,4296.85,4307.12,SL,-4.11,419.48,50.6,2.05,66.2%,4308.59,4318.15
75,BUY,2026-09-11 05:12:07,2026-09-11 05:15:04,4334.99,4334.99,4342.34,4334.99,BE,-0.00,419.48,53.9,2.45,49.0%,4328.70,4322.87
76,BUY,2026-09-11 05:22:05,2026-09-11 05:31:07,4336.25,4336.25,4343.31,4336.25,BE,-0.00,419.48,60.7,2.35,69.2%,4331.35,4324.19
77,BUY,2026-09-11 05:34:07,2026-09-11 05:37:04,4337.34,4337.34,4343.60,4337.34,BE,-0.00,419.48,47.2,2.09,61.9%,4333.14,4325.52
78,BUY,2026-09-11 05:37:05,2026-09-11 05:38:07,4338.44,4338.44,4345.38,4338.44,BE,-0.00,419.48,57.5,2.31,76.3%,4333.74,4325.91
79,BUY,2026-09-11 05:42:08,2026-09-11 05:43:05,4335.53,4335.53,4343.59,4335.53,BE,-0.00,419.48,52.8,2.69,80.2%,4334.29,4326.44
80,BUY,2026-09-11 05:46:05,2026-09-11 05:47:07,4341.58,4341.58,4350.26,4341.58,BE,-0.00,419.48,59.7,2.89,56.7%,4335.28,4327.01
81,BUY,2026-09-11 06:27:03,2026-09-11 06:34:04,4352.33,4347.97,4358.87,4347.97,SL,-4.36,415.12,41.7,2.18,73.7%,4349.99,4335.57
82,SELL,2026-09-11 09:38:06,2026-09-11 09:39:07,4343.67,4343.67,4338.57,4343.67,BE,-0.00,415.12,42.4,1.70,74.1%,4345.65,4345.82
83,SELL,2026-09-11 09:40:03,2026-09-11 09:41:05,4342.10,4342.10,4337.20,4342.10,BE,-0.00,415.12,37.9,1.64,47.5%,4345.39,4345.75
84,SELL,2026-09-11 09:43:06,2026-09-11 09:59:07,4341.89,4345.24,4336.87,4345.24,SL,-3.35,411.77,37.1,1.67,52.7%,4345.02,4345.65
85,SELL,2026-09-11 11:06:05,2026-09-11 11:07:07,4339.17,4339.17,4333.92,4339.17,BE,-0.00,411.77,38.7,1.75,88.7%,4342.80,4344.86
86,SELL,2026-09-11 11:08:02,2026-09-11 11:15:04,4337.76,4337.76,4332.26,4337.76,BE,-0.00,411.77,40.0,1.83,53.4%,4342.40,4344.71
87,SELL,2026-09-11 11:17:05,2026-09-11 11:26:06,4336.48,4339.97,4331.25,4339.97,SL,-3.49,408.28,39.7,1.74,50.8%,4340.69,4344.03
88,BUY,2026-09-11 13:22:08,2026-09-11 13:24:04,4383.13,4383.13,4396.12,4383.13,BE,-0.00,408.28,51.4,4.33,55.8%,4372.45,4351.68
89,BUY,2026-09-11 15:51:02,2026-09-11 15:54:03,4373.24,4368.55,4380.27,4368.55,SL,-4.69,403.60,51.8,2.34,69.7%,4370.97,4369.65
90,SELL,2026-09-11 16:55:06,2026-09-11 17:08:07,4361.11,4364.25,4356.41,4364.25,SL,-3.14,400.46,36.8,1.57,44.2%,4362.61,4366.44
91,SELL,2026-09-11 18:27:06,2026-09-11 18:32:07,4348.53,4348.53,4339.92,4348.53,BE,-0.00,400.46,40.9,2.87,46.6%,4355.13,4362.04
92,SELL,2026-09-11 18:43:08,2026-09-11 18:45:05,4348.04,4348.04,4342.82,4348.04,BE,-0.00,400.46,36.9,1.74,47.5%,4351.82,4359.99
93,SELL,2026-09-11 18:48:01,2026-09-11 18:49:08,4345.43,4345.43,4340.88,4345.43,BE,-0.00,400.46,44.8,1.52,50.8%,4351.01,4359.46
94,SELL,2026-09-11 18:50:09,2026-09-11 19:02:05,4344.91,4347.84,4340.51,4347.84,SL,-2.93,397.53,37.7,1.47,46.1%,4350.35,4359.04
95,SELL,2026-09-11 20:57:05,2026-09-13 22:01:03,4347.83,4347.83,4344.45,4344.45,TP,3.38,400.90,61.6,1.13,51.0%,4347.61,4350.86
96,SELL,2026-09-13 22:30:05,2026-09-13 22:44:06,4335.42,4335.42,4329.56,4335.42,BE,-0.00,400.90,61.2,1.95,47.6%,4336.88,4346.05
97,SELL,2026-09-13 22:49:07,2026-09-13 22:52:04,4336.27,4336.27,4332.80,4336.27,BE,-0.00,400.90,48.8,1.16,47.8%,4336.47,4344.33
98,SELL,2026-09-13 22:53:05,2026-09-13 22:54:07,4335.87,4335.87,4332.49,4335.87,BE,-0.00,400.90,51.2,1.13,40.7%,4336.41,4344.00
99,SELL,2026-09-13 23:56:03,2026-09-13 23:57:05,4334.13,4334.13,4329.30,4334.13,BE,-0.00,400.90,34.7,1.61,50.9%,4337.27,4341.31
100,SELL,2026-09-13 23:59:06,2026-09-14 00:00:02,4334.08,4334.08,4328.37,4334.08,BE,-0.00,400.90,38.2,1.90,55.1%,4336.85,4341.08
101,SELL,2026-09-14 00:01:03,2026-09-14 00:04:04,4331.31,4335.57,4324.91,4335.57,SL,-4.26,396.64,34.9,2.13,40.4%,4336.48,4340.90
102,SELL,2026-09-14 00:42:05,2026-09-14 00:46:06,4333.76,4338.42,4326.76,4338.42,SL,-4.66,391.98,47.6,2.33,43.9%,4337.38,4340.05
103,BUY,2026-09-14 02:08:06,2026-09-14 02:09:08,4352.89,4352.89,4360.51,4352.89,BE,-0.00,391.98,64.1,2.54,41.8%,4344.44,4340.49
104,BUY,2026-09-14 02:15:09,2026-09-14 02:21:06,4349.11,4349.11,4355.98,4349.11,BE,-0.00,391.98,41.7,2.29,70.5%,4345.92,4341.18
105,BUY,2026-09-14 02:25:02,2026-09-14 02:31:03,4353.13,4353.13,4357.21,4353.13,BE,-0.00,391.98,61.5,1.36,41.7%,4347.34,4342.03
106,BUY,2026-09-14 02:37:04,2026-09-14 02:41:05,4351.02,4347.14,4356.84,4347.14,SL,-3.88,388.10,52.8,1.94,59.0%,4349.46,4343.26
107,SELL,2026-09-14 03:47:02,2026-09-14 03:48:09,4329.70,4329.70,4324.79,4329.70,BE,-0.00,388.10,41.6,1.64,48.9%,4333.52,4338.94
108,SELL,2026-09-14 03:56:10,2026-09-14 03:57:02,4331.43,4331.43,4326.51,4331.43,BE,-0.00,388.10,66.9,1.64,50.0%,4332.93,4338.30
109,SELL,2026-09-14 03:58:08,2026-09-14 03:59:04,4330.87,4330.87,4326.13,4330.87,BE,-0.00,388.10,58.2,1.58,57.1%,4332.78,4338.16
110,SELL,2026-09-14 04:01:05,2026-09-14 04:04:02,4330.75,4330.75,4326.07,4330.75,BE,-0.00,388.10,54.5,1.56,47.8%,4332.51,4337.93
111,SELL,2026-09-14 04:07:03,2026-09-14 04:10:04,4330.40,4330.40,4326.58,4330.40,BE,-0.00,388.10,42.3,1.27,45.1%,4332.09,4337.50
112,SELL,2026-09-14 04:50:05,2026-09-14 04:52:07,4324.71,4324.71,4319.93,4324.71,BE,-0.00,388.10,33.3,1.59,60.5%,4327.99,4334.16
113,SELL,2026-09-14 04:53:03,2026-09-14 04:55:04,4324.55,4327.61,4319.95,4327.61,SL,-3.06,385.03,47.0,1.53,55.7%,4327.60,4333.87
114,SELL,2026-09-14 06:30:06,2026-09-14 06:36:08,4329.93,4329.93,4324.78,4329.93,BE,-0.00,385.03,57.6,1.72,71.0%,4330.75,4331.99
115,SELL,2026-09-14 06:38:04,2026-09-14 06:39:05,4330.56,4330.56,4325.43,4330.56,BE,-0.00,385.03,57.5,1.71,60.7%,4330.62,4331.86
116,SELL,2026-09-14 06:46:01,2026-09-14 06:47:03,4328.22,4328.22,4322.82,4328.22,BE,-0.00,385.03,39.4,1.80,55.7%,4329.66,4331.49
117,SELL,2026-09-14 06:48:04,2026-09-14 06:50:05,4327.38,4327.38,4321.72,4327.38,BE,-0.00,385.03,40.8,1.89,41.2%,4329.52,4331.42
118,SELL,2026-09-14 07:07:01,2026-09-14 07:08:03,4321.12,4321.12,4315.01,4321.12,BE,-0.00,385.03,39.9,2.04,57.3%,4325.30,4329.76
119,SELL,2026-09-14 07:13:04,2026-09-14 07:21:06,4321.76,4321.76,4314.62,4321.76,BE,-0.00,385.03,51.4,2.38,68.7%,4324.31,4329.23
120,SELL,2026-09-14 07:24:07,2026-09-14 07:40:04,4321.61,4321.61,4315.42,4315.42,TP,6.19,391.22,59.5,2.06,45.4%,4323.53,4328.49
121,SELL,2026-09-14 07:41:04,2026-09-14 07:42:06,4317.62,4317.62,4312.13,4317.62,BE,-0.00,391.22,36.5,1.83,46.7%,4320.64,4326.82
122,SELL,2026-09-14 07:46:07,2026-09-14 07:48:04,4319.90,4319.90,4314.63,4319.90,BE,-0.00,391.22,55.0,1.76,60.2%,4320.29,4326.42
123,SELL,2026-09-14 07:49:05,2026-09-14 07:53:07,4316.76,4316.76,4310.98,4310.98,TP,5.78,397.00,48.0,1.93,49.6%,4320.07,4326.19
124,SELL,2026-09-14 08:05:08,2026-09-14 08:13:09,4314.68,4314.68,4307.74,4314.68,BE,-0.00,397.00,43.9,2.31,65.5%,4316.30,4324.11
125,SELL,2026-09-14 08:14:05,2026-09-14 08:24:02,4313.15,4313.15,4306.16,4313.15,BE,-0.00,397.00,58.8,2.33,66.8%,4315.92,4323.33
126,SELL,2026-09-14 08:25:03,2026-09-14 08:26:05,4313.09,4313.09,4308.34,4313.09,BE,-0.00,397.00,36.3,1.58,64.0%,4314.51,4322.14
127,SELL,2026-09-14 08:28:01,2026-09-14 08:33:03,4312.79,4312.79,4308.26,4312.79,BE,-0.00,397.00,47.7,1.51,41.5%,4314.31,4321.87
128,SELL,2026-09-14 08:37:04,2026-09-14 08:40:06,4313.46,4313.46,4308.57,4313.46,BE,-0.00,397.00,55.3,1.63,39.6%,4313.70,4321.03
129,SELL,2026-09-14 08:42:01,2026-09-14 08:43:03,4312.54,4312.54,4307.40,4312.54,BE,-0.00,397.00,47.9,1.71,68.6%,4313.61,4320.72
130,SELL,2026-09-14 08:43:04,2026-09-14 08:44:05,4311.95,4311.95,4306.67,4311.95,BE,-0.00,397.00,46.6,1.76,38.4%,4313.54,4320.64
131,SELL,2026-09-14 08:46:05,2026-09-14 08:48:07,4311.27,4311.27,4305.26,4311.27,BE,-0.00,397.00,54.1,2.00,78.1%,4313.24,4320.35
132,SELL,2026-09-14 08:48:08,2026-09-14 08:49:04,4310.60,4310.60,4305.04,4310.60,BE,-0.00,397.00,37.2,1.85,52.7%,4313.03,4320.15
133,SELL,2026-09-14 09:06:05,2026-09-14 09:16:07,4309.05,4309.05,4302.93,4302.93,TP,6.12,403.13,55.6,2.04,70.9%,4310.29,4318.08
134,SELL,2026-09-14 09:41:08,2026-09-14 09:56:09,4280.60,4287.64,4270.04,4287.64,SL,-7.04,396.08,45.0,3.52,78.9%,4295.07,4310.53
135,SELL,2026-09-14 12:02:02,2026-09-14 12:03:04,4289.54,4289.54,4284.11,4289.54,BE,-0.00,396.08,39.5,1.81,47.5%,4291.21,4295.92
136,SELL,2026-09-14 12:20:05,2026-09-14 12:21:06,4290.16,4290.16,4281.50,4290.16,BE,-0.00,396.08,57.2,2.89,63.7%,4291.69,4295.24
137,SELL,2026-09-14 12:24:02,2026-09-14 12:25:05,4286.43,4286.43,4277.53,4286.43,BE,-0.00,396.08,34.1,2.97,68.1%,4290.95,4294.91
138,SELL,2026-09-14 13:15:07,2026-09-14 13:23:03,4266.20,4274.86,4253.21,4274.86,SL,-8.66,387.42,44.1,4.33,81.3%,4273.35,4286.54
139,BUY,2026-09-14 15:51:04,2026-09-14 15:53:06,4287.27,4287.27,4297.23,4287.27,BE,-0.00,387.42,45.5,3.32,48.5%,4285.78,4280.65
140,BUY,2026-09-14 15:54:07,2026-09-14 15:59:09,4289.42,4289.42,4298.03,4289.42,BE,-0.00,387.42,31.5,2.87,39.6%,4286.11,4280.89
141,BUY,2026-09-14 16:09:04,2026-09-14 16:10:06,4291.83,4291.83,4297.90,4291.83,BE,-0.00,387.42,59.0,2.02,57.4%,4287.44,4282.02
142,BUY,2026-09-14 16:36:02,2026-09-14 16:40:04,4301.35,4301.35,4308.77,4301.35,BE,-0.00,387.42,57.0,2.47,63.7%,4295.78,4286.17
143,BUY,2026-09-14 16:40:05,2026-09-14 16:41:02,4302.81,4302.81,4309.74,4302.81,BE,-0.00,387.42,49.1,2.31,68.4%,4296.68,4286.79
144,BUY,2026-09-14 16:43:07,2026-09-14 16:44:04,4304.66,4304.66,4310.86,4304.66,BE,-0.00,387.42,67.6,2.07,67.6%,4297.60,4287.32
145,BUY,2026-09-14 16:46:05,2026-09-14 16:47:02,4305.94,4305.94,4311.85,4305.94,BE,-0.00,387.42,63.9,1.97,86.3%,4298.59,4287.88
146,BUY,2026-09-14 17:04:03,2026-09-14 17:05:05,4313.13,4313.13,4319.48,4313.13,BE,-0.00,387.42,47.5,2.12,64.0%,4306.69,4292.23
147,BUY,2026-09-14 17:08:05,2026-09-14 17:10:07,4312.64,4312.64,4318.23,4312.64,BE,-0.00,387.42,35.7,1.86,50.7%,4307.64,4293.04
148,BUY,2026-09-14 17:10:08,2026-09-14 17:11:05,4313.41,4313.41,4318.76,4313.41,BE,-0.00,387.42,32.7,1.78,60.4%,4308.08,4293.45
149,BUY,2026-09-14 17:25:06,2026-09-14 17:27:08,4311.09,4311.09,4316.02,4311.09,BE,-0.00,387.42,39.6,1.64,41.5%,4309.53,4295.95
150,BUY,2026-09-14 17:30:03,2026-09-14 17:31:05,4311.59,4311.59,4315.99,4311.59,BE,-0.00,387.42,55.3,1.47,85.6%,4309.99,4296.74
151,BUY,2026-09-14 17:33:06,2026-09-14 17:36:07,4311.00,4307.91,4315.63,4307.91,SL,-3.09,384.34,55.9,1.54,50.0%,4310.18,4297.18
152,SELL,2026-09-14 20:08:03,2026-09-14 20:16:04,4285.60,4288.93,4280.61,4288.93,SL,-3.33,381.01,46.7,1.66,70.2%,4290.67,4298.84
153,SELL,2026-09-14 22:41:06,2026-09-14 22:44:07,4295.61,4295.61,4292.20,4295.61,BE,-0.00,381.01,58.8,1.14,50.9%,4296.27,4297.16
154,SELL,2026-09-14 22:44:08,2026-09-14 22:45:05,4294.96,4294.96,4290.90,4294.96,BE,-0.00,381.01,46.1,1.35,51.3%,4296.20,4297.12
155,SELL,2026-09-14 22:52:06,2026-09-14 22:55:07,4296.14,4296.14,4291.91,4296.14,BE,-0.00,381.01,52.9,1.41,88.6%,4295.98,4296.99
156,SELL,2026-09-14 23:00:08,2026-09-14 23:11:05,4295.19,4295.19,4291.31,4291.31,TP,3.88,384.89,45.2,1.29,86.0%,4295.91,4296.89
157,SELL,2026-09-14 23:14:06,2026-09-14 23:22:08,4292.26,4292.26,4287.43,4287.43,TP,4.83,389.72,34.1,1.61,56.1%,4294.86,4296.46
158,SELL,2026-09-14 23:26:09,2026-09-14 23:27:11,4290.16,4290.16,4285.99,4290.16,BE,-0.00,389.72,41.7,1.39,54.1%,4292.98,4295.73
159,SELL,2026-09-14 23:36:01,2026-09-14 23:41:03,4290.38,4290.38,4285.34,4290.38,BE,-0.00,389.72,61.6,1.68,51.0%,4291.95,4295.17
160,SELL,2026-09-14 23:41:04,2026-09-14 23:42:06,4290.19,4290.19,4285.31,4290.19,BE,-0.00,389.72,51.9,1.63,53.3%,4291.53,4294.89
161,SELL,2026-09-14 23:43:02,2026-09-14 23:46:04,4288.86,4288.86,4284.37,4288.86,BE,-0.00,389.72,47.1,1.50,61.8%,4291.33,4294.78
162,SELL,2026-09-14 23:51:04,2026-09-14 23:53:06,4288.52,4288.52,4285.20,4288.52,BE,-0.00,389.72,41.6,1.11,67.3%,4290.55,4294.29
163,SELL,2026-09-15 00:07:02,2026-09-15 00:09:03,4285.51,4287.89,4281.94,4287.89,SL,-2.38,387.34,32.7,1.19,51.7%,4288.99,4293.27
164,SELL,2026-09-15 00:39:07,2026-09-15 00:42:08,4287.01,4290.58,4281.66,4290.58,SL,-3.57,383.78,48.6,1.78,48.5%,4286.98,4291.33
165,BUY,2026-09-15 02:16:04,2026-09-15 02:38:06,4306.82,4306.82,4312.30,4312.30,TP,5.48,389.26,35.6,1.83,59.1%,4302.74,4296.90
166,BUY,2026-09-15 02:44:07,2026-09-15 02:47:03,4312.60,4312.60,4318.69,4312.60,BE,-0.00,389.26,57.4,2.03,39.8%,4308.15,4300.13
167,BUY,2026-09-15 02:48:04,2026-09-15 02:49:06,4313.29,4313.29,4319.20,4313.29,BE,-0.00,389.26,58.0,1.97,55.7%,4308.83,4300.63
168,BUY,2026-09-15 02:55:07,2026-09-15 02:58:09,4312.05,4312.05,4318.45,4312.05,BE,-0.00,389.26,37.9,2.13,41.8%,4310.14,4301.55
169,BUY,2026-09-15 02:58:10,2026-09-15 03:00:07,4313.26,4313.26,4319.04,4313.26,BE,-0.00,389.26,52.1,1.93,77.0%,4310.45,4301.88
170,BUY,2026-09-15 03:04:07,2026-09-15 03:05:09,4311.72,4311.72,4316.92,4311.72,BE,-0.00,389.26,32.6,1.73,54.5%,4310.78,4302.48
171,BUY,2026-09-15 03:06:05,2026-09-15 03:09:06,4312.35,4312.35,4317.23,4312.35,BE,-0.00,389.26,44.5,1.63,41.3%,4310.90,4302.67
171,BUY,2026-09-15 03:09:07,2026-09-15 03:18:08,4313.39,4310.27,4318.08,4310.27,SL,-3.12,386.14,55.2,1.56,54.0%,4311.18,4299.41
172,SELL,2026-09-15 05:20:07,2026-09-15 05:26:04,4300.00,4300.00,4296.68,4296.68,TP,3.32,389.46,32.4,1.11,49.5%,4303.01,4303.69
173,SELL,2026-09-15 05:31:04,2026-09-15 05:35:06,4296.22,4296.22,4291.91,4291.91,TP,4.31,393.77,33.6,1.44,70.9%,4301.00,4303.03
174,SELL,2026-09-15 05:42:07,2026-09-15 06:06:09,4295.82,4295.82,4289.07,4289.07,TP,6.75,400.51,45.4,2.25,72.0%,4298.56,4302.11
175,SELL,2026-09-15 06:17:05,2026-09-15 06:40:02,4290.29,4290.29,4284.17,4290.29,BE,-0.00,400.51,43.4,2.04,44.0%,4292.98,4299.13
176,SELL,2026-09-15 06:42:03,2026-09-15 06:46:04,4289.91,4292.72,4285.69,4292.72,SL,-2.81,397.70,61.8,1.40,74.6%,4290.34,4296.86
177,SELL,2026-09-15 07:22:05,2026-09-15 07:32:05,4289.19,4292.76,4283.83,4292.76,SL,-3.57,394.13,46.8,1.79,64.9%,4290.50,4294.89
178,SELL,2026-09-15 08:33:01,2026-09-15 08:39:03,4273.42,4273.42,4267.73,4273.42,BE,-0.00,394.13,52.5,1.90,55.2%,4274.65,4285.66
179,SELL,2026-09-15 08:39:03,2026-09-15 08:59:05,4270.54,4270.54,4264.60,4264.60,TP,5.94,400.07,46.2,1.98,68.5%,4274.18,4284.90
180,SELL,2026-09-15 09:04:06,2026-09-15 09:16:07,4263.34,4266.95,4257.93,4266.95,SL,-3.61,396.46,37.5,1.80,55.2%,4268.83,4280.77
181,BUY,2026-09-15 11:05:08,2026-09-15 11:10:09,4280.38,4280.38,4284.30,4280.38,BE,-0.00,396.46,61.7,1.31,74.2%,4276.99,4275.44
182,BUY,2026-09-15 11:16:05,2026-09-15 11:39:01,4283.67,4281.01,4287.67,4281.01,SL,-2.66,393.79,63.8,1.33,69.1%,4278.70,4276.08
183,BUY,2026-09-15 12:58:07,2026-09-15 13:07:09,4287.01,4287.01,4297.26,4287.01,BE,-0.00,393.79,65.9,3.42,77.2%,4282.88,4279.70
184,BUY,2026-09-15 13:13:05,2026-09-15 13:25:02,4287.59,4287.59,4295.98,4287.59,BE,-0.00,393.79,49.4,2.80,51.0%,4285.25,4280.91
185,BUY,2026-09-15 15:50:03,2026-09-15 15:51:05,4286.52,4286.52,4292.45,4286.52,BE,-0.00,393.79,55.2,1.97,63.1%,4285.24,4284.79
186,BUY,2026-09-15 15:52:05,2026-09-15 15:56:02,4290.55,4290.55,4296.99,4290.55,BE,-0.00,393.79,61.7,2.15,64.7%,4285.67,4284.91
187,BUY,2026-09-15 16:01:03,2026-09-15 17:06:05,4290.17,4290.17,4298.13,4290.17,BE,-0.00,393.79,56.5,2.65,59.3%,4287.15,4285.40
188,BUY,2026-09-15 17:12:01,2026-09-15 17:16:04,4294.09,4294.09,4299.31,4294.09,BE,-0.00,393.79,43.7,1.74,50.0%,4293.68,4289.53
189,BUY,2026-09-15 17:21:05,2026-09-15 17:30:01,4295.43,4291.65,4301.10,4291.65,SL,-3.78,390.01,61.7,1.89,44.2%,4294.15,4290.03
190,BUY,2026-09-15 18:30:09,2026-09-15 18:42:05,4304.73,4304.73,4309.99,4304.73,BE,-0.00,390.01,50.7,1.75,61.7%,4299.99,4294.11
191,BUY,2026-09-15 18:46:06,2026-09-15 18:52:03,4305.17,4305.17,4309.83,4309.83,TP,4.66,394.68,58.1,1.55,45.7%,4301.83,4295.53
192,BUY,2026-09-15 18:55:04,2026-09-15 19:05:05,4308.60,4304.91,4314.13,4304.91,SL,-3.69,390.99,65.3,1.84,69.2%,4303.68,4296.60
193,SELL,2026-09-15 23:13:04,2026-09-15 23:28:06,4287.88,4287.88,4283.63,4283.63,TP,4.25,395.24,40.6,1.42,47.2%,4291.16,4294.60
194,SELL,2026-09-15 23:35:06,2026-09-15 23:40:08,4286.82,4286.82,4282.62,4282.62,TP,4.20,399.44,49.6,1.40,40.0%,4287.81,4292.80
195,SELL,2026-09-15 23:41:04,2026-09-16 00:08:01,4284.46,4284.46,4279.52,4284.46,BE,-0.00,399.44,50.3,1.65,55.8%,4287.35,4292.39
196,SELL,2026-09-16 00:12:02,2026-09-16 00:19:03,4281.56,4284.44,4277.24,4284.44,SL,-2.88,396.56,50.3,1.44,42.7%,4283.88,4289.83
197,SELL,2026-09-16 00:49:06,2026-09-16 00:55:08,4283.37,4283.37,4278.75,4278.75,TP,4.62,401.18,58.9,1.54,51.5%,4283.24,4287.75
198,SELL,2026-09-16 01:04:09,2026-09-16 01:14:05,4281.27,4286.30,4273.73,4286.30,SL,-5.03,396.15,46.1,2.51,48.1%,4281.70,4286.64
199,BUY,2026-09-16 02:56:01,2026-09-16 02:57:03,4316.67,4316.67,4323.19,4316.67,BE,-0.00,396.15,66.5,2.17,65.1%,4304.98,4293.50
200,BUY,2026-09-16 03:28:04,2026-09-16 03:32:05,4334.75,4330.05,4341.80,4330.05,SL,-4.70,391.45,42.1,2.35,49.2%,4325.36,4304.01
201,BUY,2026-09-16 04:32:06,2026-09-16 04:35:06,4327.41,4324.82,4331.29,4324.82,SL,-2.59,388.86,59.5,1.29,38.2%,4326.43,4314.77
202,BUY,2026-09-16 05:36:04,2026-09-16 05:49:06,4328.80,4328.80,4334.65,4328.80,BE,-0.00,388.86,67.7,1.95,61.7%,4324.58,4319.05
203,BUY,2026-09-16 05:50:02,2026-09-16 05:56:04,4328.80,4328.80,4335.07,4328.80,BE,-0.00,388.86,50.0,2.09,48.8%,4326.90,4320.47
204,BUY,2026-09-16 05:56:05,2026-09-16 06:00:05,4330.27,4326.42,4336.05,4326.42,SL,-3.85,385.01,54.5,1.93,47.3%,4327.57,4321.03
205,BUY,2026-09-16 07:07:07,2026-09-16 07:15:09,4332.18,4332.18,4337.33,4332.18,BE,-0.00,385.01,64.7,1.72,80.5%,4328.96,4324.44
206,BUY,2026-09-16 07:17:05,2026-09-16 07:43:02,4334.89,4334.89,4340.47,4334.89,BE,-0.00,385.01,55.4,1.86,44.9%,4330.42,4325.29
207,BUY,2026-09-16 07:43:03,2026-09-16 07:51:05,4336.03,4332.95,4340.65,4332.95,SL,-3.08,381.93,52.8,1.54,72.0%,4333.83,4327.61
208,BUY,2026-09-16 09:20:01,2026-09-16 09:25:02,4330.07,4327.59,4333.79,4327.59,SL,-2.48,379.45,48.8,1.24,70.0%,4330.21,4328.96
209,BUY,2026-09-16 10:26:06,2026-09-16 10:28:08,4342.10,4342.10,4348.25,4348.25,TP,6.15,385.60,35.2,2.05,68.1%,4339.51,4333.29
210,BUY,2026-09-16 10:30:04,2026-09-16 11:14:01,4347.85,4347.85,4354.19,4347.85,BE,-0.00,385.60,61.2,2.11,45.7%,4340.65,4333.84
211,BUY,2026-09-16 11:18:02,2026-09-16 11:29:04,4347.79,4347.79,4352.46,4352.46,TP,4.67,390.26,41.4,1.56,66.0%,4347.38,4339.38
212,BUY,2026-09-16 11:32:05,2026-09-16 11:39:07,4349.34,4349.34,4354.07,4349.34,BE,-0.00,390.26,55.3,1.58,49.6%,4348.09,4340.62
213,BUY,2026-09-16 11:39:08,2026-09-16 11:50:04,4350.42,4346.75,4355.93,4346.75,SL,-3.67,386.59,55.1,1.83,53.0%,4348.61,4341.27
214,BUY,2026-09-16 12:59:05,2026-09-16 13:00:07,4345.76,4345.76,4351.59,4345.76,BE,-0.00,386.59,56.5,1.94,73.5%,4343.96,4342.69
215,BUY,2026-09-16 13:03:03,2026-09-16 13:14:05,4347.02,4347.02,4353.80,4353.80,TP,6.78,393.37,51.9,2.26,67.5%,4344.48,4342.88
216,BUY,2026-09-16 15:16:08,2026-09-16 15:27:04,4353.10,4347.54,4361.44,4347.54,SL,-5.56,387.82,49.0,2.78,67.4%,4348.46,4344.27
217,BUY,2026-09-16 16:03:00,2026-09-16 16:06:01,4351.74,4347.42,4358.22,4347.42,SL,-4.32,383.49,39.9,2.16,47.8%,4350.54,4346.58
218,SELL,2026-09-16 17:19:05,2026-09-16 17:28:01,4343.94,4346.45,4340.17,4346.45,SL,-2.51,380.98,45.9,1.26,69.3%,4345.29,4346.35
219,SELL,2026-09-16 20:36:05,2026-09-16 20:42:01,4260.37,4264.84,4253.66,4264.84,SL,-4.47,376.51,38.8,2.24,51.3%,4263.96,4286.84
220,BUY,2026-09-17 00:32:04,2026-09-17 00:47:06,4286.27,4286.27,4294.97,4286.27,BE,-0.00,376.51,54.2,2.90,47.4%,4279.25,4274.96
221,BUY,2026-09-17 01:47:02,2026-09-17 01:56:03,4308.71,4303.88,4315.95,4303.88,SL,-4.83,371.68,34.8,2.41,55.0%,4304.54,4288.33
222,SELL,2026-09-17 03:17:05,2026-09-17 03:31:06,4283.49,4287.30,4277.77,4287.30,SL,-3.81,367.87,66.6,1.91,43.6%,4284.53,4287.65
223,BUY,2026-09-17 04:51:09,2026-09-17 04:56:01,4296.35,4296.35,4301.27,4296.35,BE,-0.00,367.87,52.7,1.64,49.6%,4294.05,4291.07
224,BUY,2026-09-17 04:56:02,2026-09-17 05:16:03,4296.54,4293.38,4301.29,4293.38,SL,-3.16,364.71,60.3,1.58,52.9%,4294.65,4291.38
225,BUY,2026-09-17 06:18:04,2026-09-17 06:32:06,4306.10,4306.10,4313.08,4313.08,TP,6.98,371.69,44.8,2.33,46.8%,4302.74,4295.79
226,BUY,2026-09-17 06:39:06,2026-09-17 06:52:08,4307.66,4307.66,4313.68,4307.66,BE,-0.00,371.69,51.5,2.01,86.0%,4306.69,4298.38
227,BUY,2026-09-17 06:58:04,2026-09-17 07:11:06,4310.67,4310.67,4316.96,4316.96,TP,6.29,377.98,56.7,2.10,67.6%,4307.83,4300.16
228,BUY,2026-09-17 07:52:02,2026-09-17 07:56:03,4331.31,4327.12,4337.60,4327.12,SL,-4.19,373.79,50.3,2.10,76.7%,4326.02,4310.82
229,SELL,2026-09-17 09:35:02,2026-09-17 10:12:08,4307.60,4311.43,4301.85,4311.43,SL,-3.83,369.96,33.1,1.92,62.9%,4312.30,4313.53
230,BUY,2026-09-17 11:22:02,2026-09-17 11:29:03,4332.16,4326.37,4340.85,4326.37,SL,-5.79,364.16,49.2,2.90,53.1%,4324.94,4316.94
231,BUY,2026-09-17 12:46:05,2026-09-17 12:53:02,4360.72,4360.72,4371.32,4371.32,TP,10.60,374.77,31.7,3.53,66.4%,4359.79,4336.89
232,BUY,2026-09-17 13:08:04,2026-09-17 13:14:05,4367.44,4360.87,4377.29,4360.87,SL,-6.57,368.20,34.8,3.28,72.5%,4365.17,4343.22
233,BUY,2026-09-17 15:56:03,2026-09-17 16:17:05,4366.58,4366.58,4372.48,4366.58,BE,-0.00,368.20,61.1,1.97,67.0%,4362.53,4359.35
234,BUY,2026-09-17 16:17:06,2026-09-17 16:27:07,4367.17,4363.78,4372.25,4363.78,SL,-3.39,364.81,31.6,1.69,58.2%,4366.11,4361.16
235,SELL,2026-09-17 17:42:04,2026-09-17 18:05:05,4359.34,4362.41,4354.74,4362.41,SL,-3.07,361.75,43.0,1.53,84.9%,4360.96,4361.22
236,SELL,2026-09-17 19:11:01,2026-09-17 19:18:03,4354.12,4354.12,4350.33,4350.33,TP,3.79,365.53,66.4,1.26,48.4%,4354.18,4358.07
237,SELL,2026-09-17 19:37:04,2026-09-17 19:54:05,4343.92,4347.68,4338.29,4347.68,SL,-3.76,361.78,35.4,1.88,38.2%,4349.64,4355.75
238,BUY,2026-09-18 00:30:03,2026-09-18 00:31:04,4353.26,4353.26,4359.10,4353.26,BE,-0.00,361.78,46.5,1.95,73.1%,4349.72,4347.13
239,BUY,2026-09-18 00:33:05,2026-09-18 00:48:06,4358.83,4354.34,4365.57,4354.34,SL,-4.49,357.29,64.1,2.25,62.8%,4350.65,4347.45
240,SELL,2026-09-18 02:05:06,2026-09-18 02:17:07,4348.21,4351.86,4342.74,4351.86,SL,-3.65,353.64,60.3,1.82,56.5%,4351.50,4351.63
241,BUY,2026-09-18 04:02:05,2026-09-18 04:15:07,4358.48,4358.48,4363.13,4358.48,BE,-0.00,353.64,47.1,1.55,41.7%,4353.17,4350.93
242,BUY,2026-09-18 04:17:07,2026-09-18 04:32:07,4355.33,4355.33,4359.46,4359.46,TP,4.13,357.77,34.9,1.38,88.6%,4355.64,4352.03
243,BUY,2026-09-18 04:37:08,2026-09-18 04:43:05,4358.54,4358.54,4362.44,4362.44,TP,3.90,361.66,65.5,1.30,40.3%,4356.54,4352.92
244,BUY,2026-09-18 04:55:06,2026-09-18 05:01:03,4361.48,4361.48,4366.89,4366.89,TP,5.41,367.07,57.2,1.80,42.3%,4359.80,4354.53
245,BUY,2026-09-18 05:03:04,2026-09-18 05:08:06,4365.24,4365.24,4370.31,4365.24,BE,-0.00,367.07,51.9,1.69,66.8%,4361.27,4355.34
246,BUY,2026-09-18 05:12:01,2026-09-18 05:23:03,4366.72,4366.72,4371.72,4366.72,BE,-0.00,367.07,51.4,1.67,38.7%,4362.89,4356.31
247,BUY,2026-09-18 05:23:04,2026-09-18 05:29:05,4367.11,4364.36,4371.24,4364.36,SL,-2.75,364.32,48.4,1.38,66.0%,4364.36,4357.42
248,BUY,2026-09-18 06:19:07,2026-09-18 06:25:04,4383.68,4383.68,4390.45,4390.45,TP,6.77,371.09,54.3,2.26,50.5%,4378.29,4365.61
249,BUY,2026-09-18 06:43:04,2026-09-18 06:52:05,4395.85,4392.03,4401.58,4392.03,SL,-3.82,367.27,61.2,1.91,66.8%,4387.03,4371.23
250,BUY,2026-09-18 07:26:04,2026-09-18 07:57:06,4394.31,4394.31,4399.79,4394.31,BE,-0.00,367.27,62.2,1.83,52.4%,4391.67,4378.78
251,BUY,2026-09-18 09:16:04,2026-09-18 09:24:05,4394.63,4391.97,4398.61,4391.97,SL,-2.66,364.61,61.7,1.33,40.0%,4392.54,4387.69
252,SELL,2026-09-18 10:42:05,2026-09-18 10:58:02,4379.53,4379.53,4375.82,4379.53,BE,-0.00,364.61,49.0,1.24,51.0%,4380.18,4383.58
253,SELL,2026-09-18 11:46:04,2026-09-18 11:58:06,4375.73,4375.73,4370.48,4375.73,BE,-0.00,364.61,38.2,1.75,68.5%,4380.20,4382.28
254,SELL,2026-09-18 11:58:06,2026-09-18 12:00:07,4374.76,4378.17,4369.64,4378.17,SL,-3.41,361.20,50.5,1.71,46.0%,4378.07,4381.42
255,BUY,2026-09-18 16:54:06,2026-09-18 17:08:08,4380.81,4380.81,4386.60,4386.60,TP,5.79,366.99,52.8,1.93,41.6%,4372.51,4363.71
256,BUY,2026-09-18 17:11:04,2026-09-18 17:19:05,4385.92,4385.92,4391.40,4385.92,BE,-0.00,366.99,65.8,1.83,54.8%,4378.28,4366.88
257,BUY,2026-09-18 17:26:02,2026-09-18 17:35:03,4384.98,4384.98,4390.71,4390.71,TP,5.73,372.72,44.3,1.91,46.3%,4381.30,4369.41
258,BUY,2026-09-18 17:54:05,2026-09-18 18:07:06,4394.07,4390.13,4399.98,4390.13,SL,-3.94,368.78,53.2,1.97,64.1%,4389.05,4374.97
259,SELL,2026-09-18 20:00:05,2026-09-18 20:11:06,4376.19,4379.82,4370.75,4379.82,SL,-3.63,365.15,34.8,1.81,38.8%,4380.69,4380.91
260,SELL,2026-09-20 22:32:06,2026-09-20 22:57:03,4376.22,4376.22,4372.33,4376.22,BE,-0.00,365.15,39.4,1.30,55.1%,4377.23,4379.29
261,SELL,2026-09-20 23:19:04,2026-09-20 23:32:05,4372.50,4374.86,4368.97,4374.86,SL,-2.36,362.79,43.8,1.18,39.6%,4374.18,4377.36
262,SELL,2026-09-21 00:49:04,2026-09-21 00:52:06,4368.97,4368.97,4363.12,4363.12,TP,5.85,368.64,47.6,1.95,47.6%,4368.80,4372.55
263,BUY,2026-09-21 01:23:07,2026-09-21 01:51:10,4378.12,4378.12,4386.28,4378.12,BE,-0.00,368.64,50.4,2.72,72.8%,4373.84,4373.01
264,BUY,2026-09-21 01:56:05,2026-09-21 02:02:01,4378.43,4373.18,4386.30,4373.18,SL,-5.25,363.40,47.9,2.62,76.4%,4377.05,4374.41
265,SELL,2026-09-21 02:33:08,2026-09-21 03:03:10,4367.11,4367.11,4360.75,4360.75,TP,6.36,369.75,52.5,2.12,65.6%,4370.77,4373.03
266,SELL,2026-09-21 03:07:00,2026-09-21 03:08:02,4365.64,4365.64,4359.31,4365.64,BE,-0.00,369.75,42.3,2.11,40.3%,4367.19,4371.10
267,SELL,2026-09-21 03:09:08,2026-09-21 03:36:04,4360.72,4365.50,4353.55,4365.50,SL,-4.78,364.97,37.0,2.39,71.4%,4366.70,4370.90
268,SELL,2026-09-21 04:11:06,2026-09-21 04:14:07,4358.28,4360.80,4354.51,4360.80,SL,-2.52,362.46,49.1,1.26,88.6%,4361.48,4366.72
269,SELL,2026-09-21 05:18:05,2026-09-21 05:22:06,4354.04,4356.60,4350.20,4356.60,SL,-2.56,359.90,40.9,1.28,51.7%,4357.51,4363.53
270,SELL,2026-09-21 06:31:03,2026-09-21 06:41:04,4347.60,4352.19,4340.72,4352.19,SL,-4.59,355.31,34.5,2.29,53.0%,4351.77,4358.11
271,SELL,2026-09-21 07:43:07,2026-09-21 07:44:09,4346.76,4346.76,4339.56,4346.76,BE,-0.00,355.31,39.9,2.40,83.4%,4350.97,4354.62
272,SELL,2026-09-21 07:48:05,2026-09-21 08:13:01,4346.61,4352.57,4337.67,4352.57,SL,-5.96,349.35,39.0,2.98,91.3%,4350.16,4354.22
273,SELL,2026-09-21 09:21:08,2026-09-21 09:30:05,4351.91,4351.91,4347.84,4347.84,TP,4.07,353.42,47.6,1.36,80.2%,4352.81,4353.07
274,SELL,2026-09-21 09:43:01,2026-09-21 10:04:02,4344.48,4349.03,4337.66,4349.03,SL,-4.55,348.87,36.1,2.27,44.2%,4348.56,4351.70
275,SELL,2026-09-21 10:50:08,2026-09-21 11:00:05,4347.92,4347.92,4344.26,4344.26,TP,3.66,352.53,41.8,1.22,49.6%,4349.53,4350.57
276,SELL,2026-09-21 11:06:06,2026-09-21 11:15:07,4344.94,4347.87,4340.54,4347.87,SL,-2.93,349.59,36.5,1.47,78.7%,4347.56,4349.83
277,BUY,2026-09-21 11:58:03,2026-09-21 12:03:04,4367.13,4362.89,4373.49,4362.89,SL,-4.24,345.36,60.4,2.12,54.7%,4359.77,4353.30
278,BUY,2026-09-21 16:15:07,2026-09-21 16:24:09,4351.39,4351.39,4358.83,4351.39,BE,-0.00,345.36,67.8,2.48,72.8%,4349.66,4349.45
279,BUY,2026-09-21 16:25:04,2026-09-21 16:44:05,4350.58,4346.40,4356.85,4346.40,SL,-4.18,341.17,34.8,2.09,39.3%,4350.87,4349.82
280,SELL,2026-09-21 17:45:08,2026-09-21 17:53:09,4340.45,4343.80,4335.42,4343.80,SL,-3.35,337.82,42.8,1.68,38.8%,4342.62,4346.57
281,SELL,2026-09-21 19:15:06,2026-09-21 19:28:07,4345.46,4347.95,4341.73,4347.95,SL,-2.49,335.34,56.5,1.24,46.3%,4346.13,4346.70
282,BUY,2026-09-21 22:37:06,2026-09-21 22:48:08,4351.71,4351.71,4355.03,4355.03,TP,3.32,338.66,51.9,1.11,61.4%,4349.01,4346.56
283,BUY,2026-09-21 23:09:09,2026-09-21 23:15:05,4363.37,4359.93,4368.53,4359.93,SL,-3.44,335.22,54.3,1.72,47.0%,4357.54,4350.16
284,BUY,2026-09-21 23:55:04,2026-09-22 00:03:06,4365.63,4365.63,4371.88,4371.88,TP,6.25,341.47,37.4,2.08,46.0%,4363.07,4355.03
285,BUY,2026-09-22 00:11:07,2026-09-22 00:16:03,4372.43,4366.89,4380.75,4366.89,SL,-5.54,335.93,67.2,2.77,38.1%,4366.86,4357.36
286,SELL,2026-09-22 01:25:04,2026-09-22 01:49:06,4354.71,4354.71,4345.61,4345.61,TP,9.10,345.03,40.1,3.03,45.8%,4356.81,4357.34
287,SELL,2026-09-22 02:00:07,2026-09-22 02:18:04,4348.33,4348.33,4340.83,4340.83,TP,7.50,352.53,45.7,2.50,43.4%,4351.65,4355.41
288,SELL,2026-09-22 02:25:30,2026-09-22 02:29:01,4347.19,4350.88,4341.65,4350.88,SL,-3.69,348.83,67.6,1.85,50.0%,4347.51,4353.19
289,SELL,2026-09-22 03:05:07,2026-09-22 03:16:08,4341.98,4345.91,4336.09,4345.91,SL,-3.93,344.91,33.4,1.96,82.8%,4346.39,4351.23
290,SELL,2026-09-22 04:20:01,2026-09-22 04:37:07,4336.42,4339.59,4331.67,4339.59,SL,-3.17,341.74,49.2,1.58,39.6%,4340.21,4346.10
291,SELL,2026-09-22 05:50:04,2026-09-22 06:05:05,4329.72,4329.72,4319.28,4319.28,TP,10.44,352.18,70.0,3.48,63.9%,4331.04,4339.52
292,SELL,2026-09-22 06:18:06,2026-09-22 06:24:08,4319.41,4319.41,4311.96,4319.41,BE,-0.00,352.18,44.6,2.48,50.8%,4324.30,4335.23
293,SELL,2026-09-22 06:30:09,2026-09-22 07:13:05,4317.90,4321.95,4311.83,4321.95,SL,-4.05,348.13,42.2,2.02,43.3%,4322.00,4333.31
294,SELL,2026-09-22 08:07:06,2026-09-22 08:09:07,4306.27,4311.18,4298.90,4311.18,SL,-4.91,343.22,56.4,2.46,44.7%,4309.37,4321.03
295,BUY,2026-09-22 09:15:05,2026-09-22 09:16:07,4318.32,4318.32,4328.29,4318.32,BE,-0.00,343.22,31.7,3.32,58.7%,4318.10,4318.04
296,BUY,2026-09-22 09:17:03,2026-09-22 09:29:04,4320.92,4314.38,4330.73,4314.38,SL,-6.54,336.68,45.6,3.27,51.9%,4318.35,4318.10
297,BUY,2026-09-22 10:32:03,2026-09-22 10:45:05,4330.32,4330.32,4335.50,4330.32,BE,-0.00,336.68,44.6,1.73,77.0%,4328.51,4322.44
298,SELL,2026-09-22 11:22:06,2026-09-22 11:46:07,4313.68,4320.67,4303.19,4320.67,SL,-6.99,329.69,40.4,3.50,54.5%,4320.72,4322.29
299,BUY,2026-09-22 12:47:04,2026-09-22 13:01:06,4332.68,4332.68,4340.92,4332.68,BE,-0.00,329.69,34.7,2.75,59.4%,4332.11,4325.29
300,BUY,2026-09-22 13:01:07,2026-09-22 13:07:04,4332.60,4332.60,4339.99,4332.60,BE,-0.00,329.69,49.8,2.46,62.3%,4332.83,4326.40
301,BUY,2026-09-22 13:10:05,2026-09-22 13:24:06,4339.14,4332.15,4349.63,4332.15,SL,-6.99,322.69,58.1,3.50,38.9%,4333.73,4327.20
302,BUY,2026-09-22 15:24:02,2026-09-22 15:31:03,4336.69,4331.61,4344.31,4331.61,SL,-5.08,317.62,46.6,2.54,43.7%,4331.81,4329.96
303,SELL,2026-09-22 16:33:05,2026-09-22 16:43:06,4327.07,4329.98,4322.71,4329.98,SL,-2.91,314.71,66.1,1.45,46.4%,4326.88,4328.67
304,BUY,2026-09-22 18:25:06,2026-09-22 18:37:02,4355.33,4350.67,4362.33,4350.67,SL,-4.66,310.05,45.2,2.33,58.1%,4350.56,4339.07
305,BUY,2026-09-22 19:54:08,2026-09-22 19:59:09,4367.94,4364.79,4372.66,4364.79,SL,-3.15,306.90,42.6,1.57,48.6%,4363.69,4351.36
306,BUY,2026-09-22 23:24:08,2026-09-22 23:37:04,4364.17,4361.83,4367.68,4361.83,SL,-2.34,304.56,56.0,1.17,59.2%,4362.66,4359.61
307,SELL,2026-09-23 00:47:07,2026-09-23 01:02:09,4359.68,4359.68,4354.25,4354.25,TP,5.43,309.99,50.1,1.81,75.6%,4360.56,4360.76
308,SELL,2026-09-23 01:24:05,2026-09-23 01:55:07,4347.27,4347.27,4341.29,4341.29,TP,5.98,315.97,41.1,1.99,39.2%,4353.01,4358.06
309,SELL,2026-09-23 02:09:08,2026-09-23 02:25:00,4337.82,4337.82,4333.62,4337.82,BE,-0.00,315.97,33.3,1.40,72.1%,4343.50,4352.37
310,SELL,2026-09-23 02:25:01,2026-09-23 02:37:03,4337.68,4337.68,4333.52,4337.68,BE,-0.00,315.97,49.8,1.39,48.9%,4340.26,4350.06
311,SELL,2026-09-23 02:41:04,2026-09-23 02:47:05,4334.78,4337.85,4330.17,4337.85,SL,-3.07,312.90,36.3,1.54,40.1%,4338.57,4348.11
312,SELL,2026-09-23 03:20:04,2026-09-23 03:24:05,4336.16,4338.56,4332.56,4338.56,SL,-2.40,310.50,56.7,1.20,59.5%,4336.58,4344.17
313,SELL,2026-09-23 05:53:07,2026-09-23 05:57:08,4330.54,4334.17,4325.10,4334.17,SL,-3.63,306.87,34.7,1.81,64.4%,4337.07,4341.56
314,SELL,2026-09-23 07:09:03,2026-09-23 07:17:05,4328.25,4328.25,4323.06,4328.25,BE,-0.00,306.87,34.1,1.73,50.4%,4331.80,4336.32
315,SELL,2026-09-23 07:25:01,2026-09-23 07:34:03,4326.03,4326.03,4320.98,4320.98,TP,5.05,311.93,45.3,1.68,56.3%,4329.34,4334.89
316,SELL,2026-09-23 07:41:04,2026-09-23 07:57:05,4321.75,4325.16,4316.63,4325.16,SL,-3.41,308.52,45.0,1.71,51.6%,4325.91,4333.01
317,SELL,2026-09-23 08:28:07,2026-09-23 08:37:09,4319.74,4319.74,4315.29,4319.74,BE,-0.00,308.52,52.2,1.48,45.9%,4320.90,4328.28
318,SELL,2026-09-23 08:40:05,2026-09-23 09:02:01,4316.98,4319.88,4312.63,4319.88,SL,-2.90,305.62,35.8,1.45,67.4%,4319.85,4327.14
319,SELL,2026-09-23 10:12:05,2026-09-23 10:31:01,4315.67,4318.24,4311.82,4318.24,SL,-2.57,303.05,61.5,1.28,64.5%,4315.31,4320.40
320,SELL,2026-09-23 11:50:06,2026-09-23 12:01:08,4307.20,4312.39,4299.41,4312.39,SL,-5.19,297.86,63.8,2.60,58.5%,4307.20,4314.19
321,SELL,2026-09-23 13:07:07,2026-09-23 13:16:04,4304.39,4304.39,4296.60,4304.39,BE,-0.00,297.86,58.7,2.60,59.9%,4306.93,4311.13
322,SELL,2026-09-23 13:21:05,2026-09-23 13:27:07,4303.67,4308.52,4296.40,4308.52,SL,-4.85,293.01,47.9,2.42,42.6%,4304.96,4309.97
323,SELL,2026-09-23 15:53:03,2026-09-23 16:17:04,4279.93,4284.65,4272.85,4284.65,SL,-4.72,288.29,46.2,2.36,69.1%,4285.20,4292.74
324,SELL,2026-09-23 17:20:01,2026-09-23 17:42:03,4279.78,4279.78,4272.89,4279.78,BE,-0.00,288.29,50.1,2.30,44.9%,4281.88,4286.90
325,BUY,2026-09-23 18:06:04,2026-09-23 18:27:05,4289.85,4286.63,4294.68,4286.63,SL,-3.22,285.07,52.0,1.61,49.6%,4286.89,4286.64
326,SELL,2026-09-23 19:40:05,2026-09-23 19:42:05,4281.88,4284.62,4277.77,4284.62,SL,-2.74,282.33,35.5,1.37,48.1%,4285.74,4286.66
327,BUY,2026-09-23 22:30:05,2026-09-23 22:39:02,4288.30,4288.30,4293.04,4288.30,BE,-0.00,282.33,52.0,1.58,45.9%,4288.24,4286.77
328,BUY,2026-09-23 22:41:03,2026-09-23 23:20:05,4289.68,4289.68,4293.94,4289.68,BE,-0.00,282.33,54.7,1.42,59.8%,4288.52,4287.00
